id,record_id,sample_id,name,start_datetime,sample_datetime,attention,meditation,delta,theta,low_alpha,high_alpha,low_beta,high_beta,low_gamma,high_gamma,blink_strength,signal_noise
0,12,0,sample-data,2013.11.20 14:57:51.615,2013.11.20 14:57:54.3594,0,0,63608.0,8624.0,7572.0,26303.0,23364.0,16119.0,7155.0,2992.0,0,51
1,12,1,sample-data,2013.11.20 14:57:51.615,2013.11.20 14:57:55.4593,0,0,891723.0,81180.0,26956.0,20231.0,28461.0,34178.0,16552.0,12025.0,0,26
2,12,2,sample-data,2013.11.20 14:57:51.615,2013.11.20 14:57:56.5593,0,0,483593.0,55247.0,110606.0,50017.0,56481.0,59971.0,96285.0,55855.0,118,26
3,12,3,sample-data,2013.11.20 14:57:51.615,2013.11.20 14:57:57.6592,0,0,236146.0,64663.0,16817.0,31043.0,17296.0,13995.0,11087.0,5664.0,88,0
4,12,4,sample-data,2013.11.20 14:57:51.615,2013.11.20 14:57:58.7593,0,0,347615.0,12155.0,37675.0,4377.0,7768.0,8955.0,3915.0,1050.0,182,26
5,12,5,sample-data,2013.11.20 14:57:51.615,2013.11.20 14:57:59.8593,0,0,220781.0,50627.0,17799.0,10657.0,19750.0,11794.0,7217.0,5340.0,182,26
6,12,6,sample-data,2013.11.20 14:57:51.615,2013.11.20 14:58:00.9593,0,0,1268315.0,94766.0,27836.0,80091.0,65539.0,73394.0,45343.0,10968.0,41,26
7,12,7,sample-data,2013.11.20 14:57:51.615,2013.11.20 14:58:01.10593,0,0,1502069.0,205485.0,28595.0,52783.0,49315.0,44413.0,10356.0,6677.0,41,25
8,12,8,sample-data,2013.11.20 14:57:51.615,2013.11.20 14:58:02.11593,0,0,354793.0,70147.0,7072.0,36661.0,46847.0,84475.0,11845.0,9691.0,41,26
9,12,9,sample-data,2013.11.20 14:57:51.615,2013.11.20 14:58:03.12593,0,0,52914.0,62406.0,10263.0,8481.0,5667.0,13625.0,9408.0,2660.0,41,25
10,12,10,sample-data,2013.11.20 14:57:51.615,2013.11.20 14:58:04.13592,0,0,1466402.0,344973.0,64448.0,58087.0,84477.0,97154.0,43416.0,14902.0,41,51
11,12,11,sample-data,2013.11.20 14:57:51.615,2013.11.20 14:58:05.14593,0,0,1495922.0,100899.0,8256.0,37529.0,29001.0,52025.0,8430.0,5156.0,41,26
12,12,12,sample-data,2013.11.20 14:57:51.615,2013.11.20 14:58:06.15593,0,0,1800690.0,313650.0,71123.0,31959.0,55372.0,36469.0,21933.0,9797.0,233,0
13,12,13,sample-data,2013.11.20 14:57:51.615,2013.11.20 14:58:07.16593,0,0,679135.0,121174.0,33349.0,25388.0,47604.0,37726.0,39244.0,11853.0,233,26
14,12,14,sample-data,2013.11.20 14:57:51.615,2013.11.20 14:58:08.17593,0,0,686574.0,52264.0,36137.0,10787.0,23136.0,39177.0,24959.0,4008.0,61,0
15,12,15,sample-data,2013.11.20 14:57:51.615,2013.11.20 14:58:09.18593,0,0,285191.0,23433.0,12809.0,7669.0,22468.0,12505.0,9114.0,2706.0,61,26
16,12,16,sample-data,2013.11.20 14:57:51.615,2013.11.20 14:58:10.19593,27,70,568519.0,1214042.0,640730.0,211641.0,134279.0,318116.0,219175.0,76860.0,39,0
17,12,17,sample-data,2013.11.20 14:57:51.615,2013.11.20 14:58:11.20593,27,70,2339267.0,646010.0,184557.0,161417.0,339830.0,203001.0,66471.0,14925.0,39,51
18,12,18,sample-data,2013.11.20 14:57:51.615,2013.11.20 14:58:12.21593,13,78,149564.0,18748.0,7513.0,4475.0,4482.0,3153.0,2106.0,488.0,39,0
19,12,19,sample-data,2013.11.20 14:57:51.615,2013.11.20 14:58:13.22593,13,78,1215208.0,306767.0,35323.0,36773.0,93987.0,24905.0,31101.0,16160.0,39,26
20,12,20,sample-data,2013.11.20 14:57:51.615,2013.11.20 14:58:14.23593,13,78,610455.0,335326.0,64132.0,367317.0,157484.0,48234.0,45353.0,48737.0,48,26
21,12,21,sample-data,2013.11.20 14:57:51.615,2013.11.20 14:58:15.24593,7,54,369425.0,133935.0,15629.0,13842.0,6044.0,11025.0,3996.0,4240.0,35,0
22,12,22,sample-data,2013.11.20 14:57:51.615,2013.11.20 14:58:16.25593,7,54,666175.0,152401.0,23004.0,21072.0,17099.0,35246.0,4191.0,6632.0,35,51
23,12,23,sample-data,2013.11.20 14:57:51.615,2013.11.20 14:58:17.26593,7,54,1280777.0,215485.0,115009.0,32701.0,10661.0,40375.0,13882.0,5540.0,35,26
24,12,24,sample-data,2013.11.20 14:57:51.615,2013.11.20 14:58:18.27593,20,53,531484.0,194710.0,80561.0,40687.0,68279.0,48418.0,18470.0,5099.0,108,0
25,12,25,sample-data,2013.11.20 14:57:51.615,2013.11.20 14:58:19.28593,14,56,595358.0,316418.0,127483.0,165772.0,79963.0,64306.0,26982.0,17076.0,68,0
26,12,26,sample-data,2013.11.20 14:57:51.615,2013.11.20 14:58:20.29593,14,56,1279359.0,237258.0,43023.0,31631.0,70076.0,39448.0,18943.0,14182.0,68,51
27,12,27,sample-data,2013.11.20 14:57:51.615,2013.11.20 14:58:21.30593,3,56,443903.0,35516.0,10764.0,5993.0,1998.0,1341.0,472.0,222.0,68,0
28,12,28,sample-data,2013.11.20 14:57:51.615,2013.11.20 14:58:22.31593,3,56,712783.0,57364.0,19481.0,14289.0,7450.0,11645.0,6868.0,4496.0,68,51
29,12,29,sample-data,2013.11.20 14:57:51.615,2013.11.20 14:58:23.32593,3,56,31961.0,14527.0,4287.0,1545.0,2647.0,3403.0,3419.0,663.0,68,26
30,12,30,sample-data,2013.11.20 14:57:51.615,2013.11.20 14:58:24.33593,3,56,1512634.0,85305.0,18813.0,89521.0,23710.0,31429.0,16062.0,7490.0,68,26
31,12,31,sample-data,2013.11.20 14:57:51.615,2013.11.20 14:58:25.34593,21,94,603956.0,41773.0,70661.0,70857.0,22583.0,32814.0,32555.0,4497.0,100,0
32,12,32,sample-data,2013.11.20 14:57:51.615,2013.11.20 14:58:26.35593,21,94,337806.0,31998.0,36607.0,47993.0,40413.0,23453.0,9453.0,5519.0,100,51
33,12,33,sample-data,2013.11.20 14:57:51.615,2013.11.20 14:58:27.36593,21,94,1181898.0,816178.0,441545.0,132208.0,169310.0,140418.0,83262.0,33276.0,100,26
34,12,34,sample-data,2013.11.20 14:57:51.615,2013.11.20 14:58:28.37593,21,94,548333.0,441964.0,118519.0,135126.0,163107.0,279060.0,121755.0,13288.0,66,26
35,12,35,sample-data,2013.11.20 14:57:51.615,2013.11.20 14:58:29.38593,21,94,1191634.0,827696.0,206436.0,49811.0,136765.0,136103.0,104987.0,68985.0,66,25
36,12,36,sample-data,2013.11.20 14:57:51.615,2013.11.20 14:58:30.39593,21,94,380139.0,33420.0,6287.0,5919.0,6217.0,10931.0,6006.0,3187.0,45,26
37,12,37,sample-data,2013.11.20 14:57:51.615,2013.11.20 14:58:31.40593,21,94,856939.0,126600.0,161377.0,73289.0,143127.0,73189.0,27127.0,9321.0,45,51
38,12,38,sample-data,2013.11.20 14:57:51.615,2013.11.20 14:58:32.41593,21,94,77982.0,96040.0,16031.0,19610.0,4410.0,10399.0,8595.0,1380.0,45,25
39,12,39,sample-data,2013.11.20 14:57:51.615,2013.11.20 14:58:33.42593,20,70,1164791.0,615764.0,59330.0,20747.0,46305.0,64639.0,58433.0,7810.0,225,0
40,12,40,sample-data,2013.11.20 14:57:51.615,2013.11.20 14:58:34.43593,20,70,2040472.0,207558.0,128711.0,45006.0,199543.0,162546.0,55808.0,32216.0,149,26
41,12,41,sample-data,2013.11.20 14:57:51.615,2013.11.20 14:58:35.44594,37,40,1196726.0,79742.0,2576.0,16365.0,26669.0,27989.0,8877.0,3760.0,95,0
42,12,42,sample-data,2013.11.20 14:57:51.615,2013.11.20 14:58:36.45593,37,40,644017.0,73999.0,10316.0,4399.0,22590.0,5611.0,3522.0,2866.0,95,51
43,12,43,sample-data,2013.11.20 14:57:51.615,2013.11.20 14:58:37.46593,37,40,995751.0,132437.0,8783.0,6128.0,5535.0,8017.0,1602.0,680.0,95,25
44,12,44,sample-data,2013.11.20 14:57:51.615,2013.11.20 14:58:38.47593,37,40,0.0,0.0,0.0,0.0,0.0,0.0,0.0,0.0,104,25
45,12,45,sample-data,2013.11.20 14:57:51.615,2013.11.20 14:58:39.48593,37,40,2222122.0,106277.0,28730.0,19923.0,68068.0,87104.0,56911.0,32859.0,104,51
46,12,46,sample-data,2013.11.20 14:57:51.615,2013.11.20 14:58:40.49593,37,40,1720287.0,353620.0,111145.0,107801.0,239989.0,114354.0,80232.0,77108.0,104,51
47,12,47,sample-data,2013.11.20 14:57:51.615,2013.11.20 14:58:41.50593,37,40,1080017.0,313081.0,50871.0,39453.0,106591.0,144773.0,32054.0,44398.0,104,51
48,12,48,sample-data,2013.11.20 14:57:51.615,2013.11.20 14:58:42.51593,37,40,2524860.0,187341.0,528052.0,269415.0,145386.0,77819.0,49218.0,20410.0,104,51
49,12,49,sample-data,2013.11.20 14:57:51.615,2013.11.20 14:58:43.52593,37,40,976215.0,128793.0,28623.0,24162.0,131407.0,49478.0,105801.0,80865.0,104,26
50,12,50,sample-data,2013.11.20 14:57:51.615,2013.11.20 14:58:44.53593,37,40,1704864.0,1125193.0,79529.0,205000.0,416272.0,483048.0,419949.0,140598.0,104,51
51,12,51,sample-data,2013.11.20 14:57:51.615,2013.11.20 14:58:45.54593,37,40,428503.0,459621.0,108008.0,392251.0,64200.0,227124.0,33641.0,169761.0,104,51
52,12,52,sample-data,2013.11.20 14:57:51.615,2013.11.20 14:58:46.55593,37,40,609949.0,458704.0,175996.0,134984.0,114361.0,180276.0,87909.0,69538.0,104,51
53,12,53,sample-data,2013.11.20 14:57:51.615,2013.11.20 14:58:47.56593,37,40,350119.0,924179.0,418366.0,417216.0,762488.0,386392.0,219139.0,212372.0,104,51
54,12,54,sample-data,2013.11.20 14:57:51.615,2013.11.20 14:58:48.57594,37,40,71926.0,102062.0,6844.0,11481.0,31167.0,15995.0,23913.0,4995.0,104,26
55,12,55,sample-data,2013.11.20 14:57:51.615,2013.11.20 14:58:49.58593,37,40,378190.0,223502.0,14685.0,46634.0,73480.0,16625.0,41743.0,15135.0,104,26
56,12,56,sample-data,2013.11.20 14:57:51.615,2013.11.20 14:58:50.59593,37,40,1367256.0,236230.0,24635.0,9793.0,33873.0,102064.0,79097.0,12218.0,157,26
57,12,57,sample-data,2013.11.20 14:57:51.615,2013.11.20 14:58:51.60593,37,40,496397.0,176289.0,403593.0,198735.0,184545.0,115557.0,141041.0,43494.0,157,26
58,12,58,sample-data,2013.11.20 14:57:51.615,2013.11.20 14:58:52.61593,37,40,624568.0,11647.0,3307.0,22989.0,24283.0,26164.0,26894.0,42816.0,157,51
59,12,59,sample-data,2013.11.20 14:57:51.615,2013.11.20 14:58:53.62593,37,40,262063.0,51686.0,14137.0,10798.0,21882.0,18149.0,13780.0,4398.0,157,51
60,12,60,sample-data,2013.11.20 14:57:51.615,2013.11.20 14:58:54.63593,37,40,733866.0,216846.0,58886.0,195387.0,138092.0,72895.0,60655.0,40116.0,157,51
61,12,61,sample-data,2013.11.20 14:57:51.615,2013.11.20 14:58:55.64593,37,11,1409362.0,1988316.0,89559.0,82909.0,104021.0,44264.0,102370.0,120523.0,157,0
62,12,62,sample-data,2013.11.20 14:57:51.615,2013.11.20 14:58:56.65593,37,11,2045593.0,134934.0,115864.0,60120.0,54231.0,94820.0,61634.0,15232.0,157,26
63,12,63,sample-data,2013.11.20 14:57:51.615,2013.11.20 14:58:57.66592,37,11,256285.0,23468.0,13405.0,4904.0,6301.0,19208.0,2792.0,251.0,157,26
64,12,64,sample-data,2013.11.20 14:57:51.615,2013.11.20 14:58:58.67593,37,11,544974.0,30572.0,12494.0,18915.0,16339.0,12485.0,7135.0,3337.0,157,26
65,12,65,sample-data,2013.11.20 14:57:51.615,2013.11.20 14:58:59.68593,21,1,88676.0,123386.0,8789.0,6128.0,10465.0,6376.0,4464.0,304.0,47,0
66,12,66,sample-data,2013.11.20 14:57:51.615,2013.11.20 14:59:00.69593,27,1,978473.0,150259.0,44440.0,7544.0,57800.0,28174.0,5341.0,7179.0,40,0
67,12,67,sample-data,2013.11.20 14:57:51.615,2013.11.20 14:59:01.70593,17,7,914821.0,107318.0,34057.0,20096.0,24904.0,16280.0,7865.0,2915.0,72,0
68,12,68,sample-data,2013.11.20 14:57:51.615,2013.11.20 14:59:02.71593,17,7,971839.0,68428.0,23427.0,12666.0,20805.0,9619.0,8743.0,7430.0,134,51
69,12,69,sample-data,2013.11.20 14:57:51.615,2013.11.20 14:59:03.72593,17,7,981186.0,433422.0,234281.0,87253.0,273893.0,385931.0,244388.0,129308.0,134,51
70,12,70,sample-data,2013.11.20 14:57:51.615,2013.11.20 14:59:04.73593,17,7,526247.0,21356.0,24089.0,35113.0,32893.0,23781.0,30167.0,10860.0,134,51
71,12,71,sample-data,2013.11.20 14:57:51.615,2013.11.20 14:59:05.74593,17,7,1283032.0,25253.0,12901.0,25252.0,44205.0,7747.0,10019.0,4148.0,134,51
72,12,72,sample-data,2013.11.20 14:57:51.615,2013.11.20 14:59:06.75593,17,7,1758514.0,99113.0,99346.0,146742.0,45557.0,31861.0,17955.0,29871.0,134,26
73,12,73,sample-data,2013.11.20 14:57:51.615,2013.11.20 14:59:07.76593,40,27,1882222.0,1182561.0,362314.0,125047.0,87579.0,211860.0,64344.0,13249.0,134,0
74,12,74,sample-data,2013.11.20 14:57:51.615,2013.11.20 14:59:08.77593,43,51,426457.0,123635.0,40177.0,49733.0,17628.0,14115.0,7889.0,6237.0,98,0
75,12,75,sample-data,2013.11.20 14:57:51.615,2013.11.20 14:59:09.78593,44,67,161845.0,16342.0,12859.0,8622.0,8219.0,5957.0,2639.0,2421.0,98,0
76,12,76,sample-data,2013.11.20 14:57:51.615,2013.11.20 14:59:10.79593,44,67,304255.0,37782.0,1366.0,6723.0,20106.0,11932.0,3133.0,2733.0,109,51
77,12,77,sample-data,2013.11.20 14:57:51.615,2013.11.20 14:59:11.80593,44,67,74213.0,67755.0,25263.0,10709.0,9787.0,25901.0,32847.0,11157.0,109,25
78,12,78,sample-data,2013.11.20 14:57:51.615,2013.11.20 14:59:12.81595,44,67,1341924.0,736338.0,67460.0,89788.0,177277.0,213539.0,74825.0,33222.0,109,26
79,12,79,sample-data,2013.11.20 14:57:51.615,2013.11.20 14:59:13.82594,44,67,1122931.0,30948.0,41162.0,29479.0,42602.0,15536.0,3027.0,492.0,109,25
80,12,80,sample-data,2013.11.20 14:57:51.615,2013.11.20 14:59:14.83593,44,67,1264182.0,332842.0,28717.0,124306.0,76620.0,111490.0,87809.0,38417.0,109,51
81,12,81,sample-data,2013.11.20 14:57:51.615,2013.11.20 14:59:15.84592,44,67,1225981.0,303678.0,443751.0,481481.0,53690.0,164712.0,82914.0,82830.0,109,51
82,12,82,sample-data,2013.11.20 14:57:51.615,2013.11.20 14:59:16.85593,44,67,2009830.0,85790.0,73515.0,12083.0,37949.0,40452.0,34854.0,43098.0,109,51
83,12,83,sample-data,2013.11.20 14:57:51.615,2013.11.20 14:59:17.86593,44,67,1132219.0,48130.0,15308.0,6443.0,3795.0,2080.0,807.0,509.0,109,25
84,12,84,sample-data,2013.11.20 14:57:51.615,2013.11.20 14:59:18.87593,44,67,38638.0,36107.0,36573.0,52254.0,26729.0,38628.0,12212.0,855.0,87,25
85,12,85,sample-data,2013.11.20 14:57:51.615,2013.11.20 14:59:19.88593,44,67,2759522.0,647938.0,234234.0,865337.0,439061.0,581464.0,156103.0,69100.0,42,25
86,12,86,sample-data,2013.11.20 14:57:51.615,2013.11.20 14:59:20.89593,57,75,194711.0,28384.0,24497.0,23256.0,20963.0,27370.0,16786.0,4928.0,42,0
87,12,87,sample-data,2013.11.20 14:57:51.615,2013.11.20 14:59:21.90595,75,75,1100751.0,633364.0,325470.0,133902.0,356507.0,529863.0,86244.0,24098.0,88,0
88,12,88,sample-data,2013.11.20 14:57:51.615,2013.11.20 14:59:22.91593,75,75,510275.0,224885.0,16131.0,17754.0,103086.0,57350.0,45103.0,18834.0,64,26
89,12,89,sample-data,2013.11.20 14:57:51.615,2013.11.20 14:59:23.92593,75,75,328378.0,404999.0,10459.0,20686.0,50534.0,99678.0,85059.0,12926.0,97,26
90,12,90,sample-data,2013.11.20 14:57:51.615,2013.11.20 14:59:24.93592,75,75,548746.0,161853.0,51496.0,38606.0,21924.0,25657.0,16072.0,15559.0,97,51
91,12,91,sample-data,2013.11.20 14:57:51.615,2013.11.20 14:59:25.94593,75,75,2715157.0,2152377.0,293515.0,177958.0,153742.0,405653.0,168454.0,43204.0,97,51
92,12,92,sample-data,2013.11.20 14:57:51.615,2013.11.20 14:59:26.95593,75,75,1796749.0,259364.0,18639.0,57116.0,127366.0,75369.0,36428.0,20159.0,97,51
93,12,93,sample-data,2013.11.20 14:57:51.615,2013.11.20 14:59:27.96593,75,75,50404.0,34505.0,1823.0,34736.0,98062.0,103361.0,9497.0,11331.0,97,25
94,12,94,sample-data,2013.11.20 14:57:51.615,2013.11.20 14:59:28.97594,75,75,1073332.0,34072.0,17499.0,89300.0,57885.0,82381.0,56868.0,45314.0,97,51
95,12,95,sample-data,2013.11.20 14:57:51.615,2013.11.20 14:59:29.98594,75,75,2212081.0,105684.0,51413.0,29411.0,37109.0,41610.0,10185.0,3482.0,97,25
96,12,96,sample-data,2013.11.20 14:57:51.615,2013.11.20 14:59:30.99594,75,75,0.0,0.0,0.0,0.0,0.0,0.0,0.0,0.0,97,25
97,12,97,sample-data,2013.11.20 14:57:51.615,2013.11.20 14:59:31.100593,75,75,1604395.0,856705.0,129860.0,46818.0,64068.0,39925.0,31184.0,20080.0,97,51
98,12,98,sample-data,2013.11.20 14:57:51.615,2013.11.20 14:59:32.101593,75,75,1008086.0,310190.0,159766.0,111960.0,74853.0,173894.0,134256.0,57902.0,97,25
99,12,99,sample-data,2013.11.20 14:57:51.615,2013.11.20 14:59:33.102593,75,75,1137499.0,289968.0,54070.0,134793.0,175897.0,72596.0,36333.0,18426.0,97,51
100,12,100,sample-data,2013.11.20 14:57:51.615,2013.11.20 14:59:34.103593,75,75,633660.0,209168.0,46165.0,42408.0,14951.0,31087.0,69833.0,68952.0,97,51
101,12,101,sample-data,2013.11.20 14:57:51.615,2013.11.20 14:59:35.104593,75,75,2925.0,1216.0,374.0,275.0,198.0,88.0,38.0,24.0,97,25
102,12,102,sample-data,2013.11.20 14:57:51.615,2013.11.20 14:59:36.105593,75,75,907781.0,488457.0,173666.0,33869.0,87589.0,106359.0,88305.0,15169.0,97,51
103,12,103,sample-data,2013.11.20 14:57:51.615,2013.11.20 14:59:37.106593,75,75,1701945.0,816789.0,196314.0,135313.0,123205.0,46709.0,25638.0,2383.0,97,25
104,12,104,sample-data,2013.11.20 14:57:51.615,2013.11.20 14:59:38.107593,75,75,705656.0,146256.0,159412.0,102933.0,163398.0,184157.0,69092.0,47836.0,97,51
105,12,105,sample-data,2013.11.20 14:57:51.615,2013.11.20 14:59:39.108593,75,75,190344.0,156823.0,6744.0,12194.0,17980.0,14806.0,8632.0,2305.0,97,25
106,12,106,sample-data,2013.11.20 14:57:51.615,2013.11.20 14:59:40.109593,75,75,235037.0,20957.0,12810.0,15377.0,9674.0,26595.0,15643.0,5659.0,97,26
107,12,107,sample-data,2013.11.20 14:57:51.615,2013.11.20 14:59:41.110594,75,75,741865.0,70209.0,39388.0,23547.0,35738.0,15461.0,23229.0,13354.0,97,26
108,12,108,sample-data,2013.11.20 14:57:51.615,2013.11.20 14:59:42.111593,75,75,2156729.0,224135.0,61289.0,61919.0,64932.0,185428.0,72607.0,22303.0,97,26
109,12,109,sample-data,2013.11.20 14:57:51.615,2013.11.20 14:59:43.112592,75,75,2156729.0,224135.0,61289.0,61919.0,64932.0,185428.0,72607.0,22303.0,60,26
110,12,110,sample-data,2013.11.20 14:57:51.615,2013.11.20 14:59:44.113593,75,75,2268199.0,1478162.0,498644.0,64334.0,262223.0,386576.0,132267.0,54152.0,255,51
111,12,111,sample-data,2013.11.20 14:57:51.615,2013.11.20 14:59:45.114593,75,75,800000.0,30659.0,3636.0,5551.0,3795.0,5422.0,1406.0,513.0,255,51
112,12,112,sample-data,2013.11.20 14:57:51.615,2013.11.20 14:59:46.115593,87,69,712504.0,200089.0,82394.0,43931.0,134591.0,57621.0,43824.0,26034.0,255,0
113,12,113,sample-data,2013.11.20 14:57:51.615,2013.11.20 14:59:47.116593,87,69,1713299.0,1302498.0,327471.0,151976.0,122101.0,540930.0,269961.0,16137.0,255,26
114,12,114,sample-data,2013.11.20 14:57:51.615,2013.11.20 14:59:48.117593,87,69,215481.0,69362.0,21701.0,12668.0,8026.0,27906.0,6878.0,5032.0,105,26
115,12,115,sample-data,2013.11.20 14:57:51.615,2013.11.20 14:59:49.118594,83,63,919536.0,1070625.0,548351.0,70270.0,167145.0,168012.0,257645.0,58039.0,173,0
116,12,116,sample-data,2013.11.20 14:57:51.615,2013.11.20 14:59:50.119594,75,64,1251609.0,493561.0,186003.0,315061.0,160466.0,178307.0,69460.0,55926.0,173,0
117,12,117,sample-data,2013.11.20 14:57:51.615,2013.11.20 14:59:51.120594,75,64,2306719.0,1007018.0,117576.0,89539.0,118830.0,131289.0,46118.0,15897.0,173,26
118,12,118,sample-data,2013.11.20 14:57:51.615,2013.11.20 14:59:52.121592,75,64,939085.0,113339.0,65540.0,44238.0,31299.0,81590.0,25573.0,12332.0,74,26
119,12,119,sample-data,2013.11.20 14:57:51.615,2013.11.20 14:59:53.122592,61,61,1722495.0,391052.0,100219.0,59123.0,45423.0,104898.0,93852.0,75161.0,81,0
120,12,120,sample-data,2013.11.20 14:57:51.615,2013.11.20 14:59:54.123594,67,51,2685143.0,148216.0,2910.0,48981.0,62112.0,65986.0,24800.0,2569.0,55,0
121,12,121,sample-data,2013.11.20 14:57:51.615,2013.11.20 14:59:55.124593,67,47,2408102.0,257867.0,44699.0,60020.0,61390.0,35677.0,58096.0,4232.0,47,0
122,12,122,sample-data,2013.11.20 14:57:51.615,2013.11.20 14:59:56.125594,61,24,736832.0,269522.0,14050.0,40293.0,90116.0,28179.0,16104.0,1798.0,64,0
123,12,123,sample-data,2013.11.20 14:57:51.615,2013.11.20 14:59:57.126593,61,24,616278.0,15120.0,2966.0,1607.0,3432.0,3147.0,825.0,504.0,64,25
124,12,124,sample-data,2013.11.20 14:57:51.615,2013.11.20 14:59:58.127594,61,24,654618.0,61447.0,24795.0,25183.0,19740.0,24511.0,5578.0,4912.0,64,51
125,12,125,sample-data,2013.11.20 14:57:51.615,2013.11.20 14:59:59.128592,61,24,106105.0,11909.0,7493.0,6705.0,11393.0,16535.0,2214.0,1526.0,64,25
126,12,126,sample-data,2013.11.20 14:57:51.615,2013.11.20 15:00:00.129593,61,24,1043154.0,893595.0,198484.0,356964.0,158106.0,130625.0,45216.0,46025.0,64,26
127,12,127,sample-data,2013.11.20 14:57:51.615,2013.11.20 15:00:01.130593,61,24,2379139.0,472062.0,6209.0,155509.0,104432.0,115975.0,51436.0,18068.0,64,26
128,12,128,sample-data,2013.11.20 14:57:51.615,2013.11.20 15:00:02.131592,61,24,842208.0,66150.0,22937.0,4089.0,22805.0,58254.0,14107.0,2037.0,74,26
129,12,129,sample-data,2013.11.20 14:57:51.615,2013.11.20 15:00:03.132594,61,24,561038.0,30226.0,20015.0,4513.0,10078.0,14780.0,7354.0,4917.0,74,51
130,12,130,sample-data,2013.11.20 14:57:51.615,2013.11.20 15:00:04.133593,61,24,561038.0,30226.0,20015.0,4513.0,10078.0,14780.0,7354.0,4917.0,74,51
131,12,131,sample-data,2013.11.20 14:57:51.615,2013.11.20 15:00:05.134593,56,30,65977.0,8640.0,3661.0,3344.0,5503.0,1933.0,470.0,93.0,74,0
132,12,132,sample-data,2013.11.20 14:57:51.615,2013.11.20 15:00:06.135593,56,38,784471.0,39061.0,10980.0,8430.0,11870.0,22485.0,11602.0,1249.0,74,0
133,12,133,sample-data,2013.11.20 14:57:51.615,2013.11.20 15:00:07.136593,56,38,784471.0,39061.0,10980.0,8430.0,11870.0,22485.0,11602.0,1249.0,125,0
134,12,134,sample-data,2013.11.20 14:57:51.615,2013.11.20 15:00:08.137593,60,50,1481790.0,54451.0,29052.0,56888.0,43942.0,17810.0,23153.0,6723.0,42,0
135,12,135,sample-data,2013.11.20 14:57:51.615,2013.11.20 15:00:09.138593,60,53,890600.0,108269.0,7017.0,20412.0,19500.0,11887.0,12304.0,1530.0,137,0
136,12,136,sample-data,2013.11.20 14:57:51.615,2013.11.20 15:00:10.139593,69,53,1732837.0,128784.0,48520.0,69769.0,77933.0,85493.0,17872.0,11063.0,99,0
137,12,137,sample-data,2013.11.20 14:57:51.615,2013.11.20 15:00:11.140593,69,53,585714.0,162693.0,38228.0,39259.0,36700.0,29220.0,5323.0,3382.0,147,26
138,12,138,sample-data,2013.11.20 14:57:51.615,2013.11.20 15:00:12.141593,69,53,201784.0,5173.0,411.0,1607.0,1673.0,789.0,1076.0,478.0,147,51
139,12,139,sample-data,2013.11.20 14:57:51.615,2013.11.20 15:00:13.142593,69,53,671923.0,86575.0,4377.0,20912.0,8541.0,18043.0,5479.0,3996.0,147,51
140,12,140,sample-data,2013.11.20 14:57:51.615,2013.11.20 15:00:14.143593,69,53,303957.0,10672.0,1121.0,2032.0,1772.0,1268.0,891.0,459.0,147,51
141,12,141,sample-data,2013.11.20 14:57:51.615,2013.11.20 15:00:15.144593,69,53,1356529.0,72992.0,50511.0,10189.0,12080.0,22705.0,12741.0,4984.0,147,51
142,12,142,sample-data,2013.11.20 14:57:51.615,2013.11.20 15:00:16.145593,69,53,109411.0,24019.0,2885.0,18235.0,19332.0,29291.0,12726.0,5248.0,147,51
143,12,143,sample-data,2013.11.20 14:57:51.615,2013.11.20 15:00:17.146593,69,53,1988612.0,26717.0,171359.0,39977.0,96626.0,40484.0,15432.0,15536.0,147,51
144,12,144,sample-data,2013.11.20 14:57:51.615,2013.11.20 15:00:18.147593,69,53,79750.0,624.0,65.0,217.0,308.0,2579.0,2300.0,434.0,147,25
145,12,145,sample-data,2013.11.20 14:57:51.615,2013.11.20 15:00:19.148593,69,53,2833965.0,1246394.0,76115.0,338388.0,770916.0,361720.0,301565.0,90250.0,147,51
146,12,146,sample-data,2013.11.20 14:57:51.615,2013.11.20 15:00:20.149593,69,53,1154595.0,746754.0,75820.0,95112.0,194638.0,180911.0,215497.0,17269.0,147,26
147,12,147,sample-data,2013.11.20 14:57:51.615,2013.11.20 15:00:21.150593,69,53,888125.0,878909.0,47934.0,264218.0,143614.0,166065.0,198070.0,57128.0,202,26
148,12,148,sample-data,2013.11.20 14:57:51.615,2013.11.20 15:00:22.151594,69,53,620238.0,1358555.0,428947.0,439079.0,294865.0,300220.0,152070.0,74895.0,86,26
149,12,149,sample-data,2013.11.20 14:57:51.615,2013.11.20 15:00:23.152593,69,53,703996.0,169231.0,30690.0,9847.0,14268.0,21426.0,10376.0,4904.0,86,26
150,12,150,sample-data,2013.11.20 14:57:51.615,2013.11.20 15:00:24.153593,69,53,1121199.0,74045.0,113651.0,58489.0,46676.0,46570.0,16576.0,11906.0,53,26
151,12,151,sample-data,2013.11.20 14:57:51.615,2013.11.20 15:00:25.154593,69,53,488371.0,81913.0,62607.0,42911.0,34643.0,73539.0,40816.0,31031.0,144,51
152,12,152,sample-data,2013.11.20 14:57:51.615,2013.11.20 15:00:26.155592,69,53,2519476.0,666699.0,196469.0,139756.0,198250.0,189759.0,85474.0,155427.0,144,51
153,12,153,sample-data,2013.11.20 14:57:51.615,2013.11.20 15:00:27.156593,69,53,374478.0,159721.0,171406.0,138381.0,37179.0,46154.0,37221.0,15442.0,144,51
154,12,154,sample-data,2013.11.20 14:57:51.615,2013.11.20 15:00:28.157593,69,53,1691981.0,89284.0,12092.0,11297.0,25460.0,23488.0,7455.0,6101.0,144,25
155,12,155,sample-data,2013.11.20 14:57:51.615,2013.11.20 15:00:29.158594,69,53,1.0,2.0,0.0,0.0,0.0,0.0,0.0,0.0,229,25
156,12,156,sample-data,2013.11.20 14:57:51.615,2013.11.20 15:00:30.159593,69,53,1479800.0,389951.0,270148.0,67066.0,135898.0,89186.0,40050.0,20141.0,229,51
157,12,157,sample-data,2013.11.20 14:57:51.615,2013.11.20 15:00:31.160592,69,53,1231026.0,269079.0,35529.0,51653.0,65853.0,35050.0,12394.0,2793.0,229,51
158,12,158,sample-data,2013.11.20 14:57:51.615,2013.11.20 15:00:32.161593,69,53,504529.0,87342.0,8574.0,2461.0,8063.0,5178.0,4679.0,5339.0,229,51
159,12,159,sample-data,2013.11.20 14:57:51.615,2013.11.20 15:00:33.162594,69,53,609332.0,440122.0,17430.0,55901.0,59192.0,33647.0,8612.0,4874.0,229,51
160,12,160,sample-data,2013.11.20 14:57:51.615,2013.11.20 15:00:34.163593,69,53,663257.0,57451.0,7137.0,3171.0,1757.0,1317.0,275.0,531.0,229,25
161,12,161,sample-data,2013.11.20 14:57:51.615,2013.11.20 15:00:35.164593,69,53,701463.0,379438.0,291207.0,331950.0,128595.0,200755.0,74252.0,26295.0,229,51
162,12,162,sample-data,2013.11.20 14:57:51.615,2013.11.20 15:00:36.165593,69,53,572172.0,14446.0,3477.0,13301.0,6633.0,6928.0,2848.0,2436.0,229,51
163,12,163,sample-data,2013.11.20 14:57:51.615,2013.11.20 15:00:37.166592,69,53,1465676.0,136818.0,43559.0,58506.0,42838.0,12268.0,8229.0,4117.0,229,51
164,12,164,sample-data,2013.11.20 14:57:51.615,2013.11.20 15:00:38.167594,69,53,694454.0,58569.0,19539.0,13600.0,66495.0,17022.0,9537.0,6552.0,229,51
165,12,165,sample-data,2013.11.20 14:57:51.615,2013.11.20 15:00:39.168593,69,53,681255.0,590709.0,201330.0,86807.0,171566.0,83679.0,52892.0,13949.0,229,26
166,12,166,sample-data,2013.11.20 14:57:51.615,2013.11.20 15:00:40.169594,69,53,813522.0,57016.0,42250.0,17775.0,8368.0,36942.0,43066.0,41231.0,229,51
167,12,167,sample-data,2013.11.20 14:57:51.615,2013.11.20 15:00:41.170593,56,54,512790.0,177712.0,49322.0,35003.0,62277.0,28333.0,17105.0,2644.0,229,0
168,12,168,sample-data,2013.11.20 14:57:51.615,2013.11.20 15:00:42.171593,44,35,1258720.0,167223.0,15918.0,14922.0,15044.0,8423.0,2846.0,3037.0,80,0
169,12,169,sample-data,2013.11.20 14:57:51.615,2013.11.20 15:00:43.172593,44,35,556488.0,410831.0,94310.0,70101.0,66356.0,68686.0,14317.0,4640.0,80,25
170,12,170,sample-data,2013.11.20 14:57:51.615,2013.11.20 15:00:44.173594,44,35,712401.0,27399.0,2690.0,13344.0,9165.0,12059.0,5062.0,2810.0,199,26
171,12,171,sample-data,2013.11.20 14:57:51.615,2013.11.20 15:00:45.174593,44,35,558722.0,39352.0,24023.0,15169.0,80871.0,21412.0,10587.0,9849.0,98,26
172,12,172,sample-data,2013.11.20 14:57:51.615,2013.11.20 15:00:46.175592,44,35,1445068.0,24255.0,1691.0,2991.0,2446.0,4632.0,1134.0,285.0,98,51
173,12,173,sample-data,2013.11.20 14:57:51.615,2013.11.20 15:00:47.176594,44,35,329924.0,10904.0,4086.0,5269.0,3406.0,4707.0,495.0,245.0,98,51
174,12,174,sample-data,2013.11.20 14:57:51.615,2013.11.20 15:00:48.177593,44,35,1772691.0,1025716.0,412134.0,558397.0,493286.0,475550.0,249485.0,64608.0,98,26
175,12,175,sample-data,2013.11.20 14:57:51.615,2013.11.20 15:00:49.178592,44,35,222563.0,50499.0,7207.0,25688.0,12331.0,7942.0,6908.0,3074.0,98,51
176,12,176,sample-data,2013.11.20 14:57:51.615,2013.11.20 15:00:50.179592,44,35,781157.0,551463.0,151793.0,333666.0,620774.0,268552.0,147130.0,43224.0,98,26
177,12,177,sample-data,2013.11.20 14:57:51.615,2013.11.20 15:00:51.180592,53,53,383997.0,134688.0,94498.0,57068.0,37311.0,52041.0,11674.0,4906.0,113,0
178,12,178,sample-data,2013.11.20 14:57:51.615,2013.11.20 15:00:52.181594,47,51,389089.0,38363.0,19834.0,9054.0,25226.0,14040.0,9486.0,20031.0,66,0
179,12,179,sample-data,2013.11.20 14:57:51.615,2013.11.20 15:00:53.182594,47,35,59923.0,35585.0,2048.0,1610.0,2472.0,3922.0,966.0,605.0,38,0
180,12,180,sample-data,2013.11.20 14:57:51.615,2013.11.20 15:00:54.183592,57,47,313631.0,23508.0,9011.0,10837.0,17581.0,4709.0,2336.0,1510.0,36,0
181,12,181,sample-data,2013.11.20 14:57:51.615,2013.11.20 15:00:55.184592,57,47,1924862.0,101838.0,24425.0,12346.0,7869.0,12930.0,4200.0,1693.0,36,26
182,12,182,sample-data,2013.11.20 14:57:51.615,2013.11.20 15:00:56.185594,57,47,650400.0,85292.0,14375.0,21470.0,9946.0,14080.0,2872.0,2085.0,36,26
183,12,183,sample-data,2013.11.20 14:57:51.615,2013.11.20 15:00:57.186594,57,47,71353.0,3509.0,393.0,339.0,597.0,1446.0,525.0,164.0,143,25
184,12,184,sample-data,2013.11.20 14:57:51.615,2013.11.20 15:00:58.187592,54,30,1085717.0,272764.0,46716.0,36574.0,42268.0,42658.0,33465.0,2484.0,78,0
185,12,185,sample-data,2013.11.20 14:57:51.615,2013.11.20 15:00:59.188593,54,30,939326.0,164388.0,87177.0,69381.0,12407.0,20772.0,11675.0,3896.0,97,26
186,12,186,sample-data,2013.11.20 14:57:51.615,2013.11.20 15:01:00.189593,54,30,1346583.0,720042.0,85134.0,155369.0,60225.0,83614.0,9650.0,5688.0,115,26
187,12,187,sample-data,2013.11.20 14:57:51.615,2013.11.20 15:01:01.190593,54,30,176242.0,37521.0,12233.0,14378.0,13611.0,10684.0,1252.0,637.0,115,51
188,12,188,sample-data,2013.11.20 14:57:51.615,2013.11.20 15:01:02.191593,51,27,342845.0,39588.0,11525.0,9481.0,17885.0,9159.0,4769.0,2857.0,115,0
189,12,189,sample-data,2013.11.20 14:57:51.615,2013.11.20 15:01:03.192593,48,61,786614.0,42286.0,56146.0,18615.0,36851.0,9727.0,10473.0,10681.0,38,0
190,12,190,sample-data,2013.11.20 14:57:51.615,2013.11.20 15:01:04.193593,44,70,140719.0,19814.0,16129.0,2775.0,1309.0,3356.0,1877.0,1528.0,38,0
191,12,191,sample-data,2013.11.20 14:57:51.615,2013.11.20 15:01:05.194594,30,75,967410.0,227049.0,31316.0,39612.0,4961.0,11453.0,10645.0,4332.0,61,0
192,12,192,sample-data,2013.11.20 14:57:51.615,2013.11.20 15:01:06.195593,30,75,1183628.0,27071.0,1319.0,15311.0,13649.0,6348.0,6567.0,684.0,61,26
193,12,193,sample-data,2013.11.20 14:57:51.615,2013.11.20 15:01:07.196593,40,80,593250.0,92076.0,23318.0,74439.0,64534.0,58491.0,35735.0,16047.0,136,0
194,12,194,sample-data,2013.11.20 14:57:51.615,2013.11.20 15:01:08.197592,40,80,1978366.0,804128.0,208540.0,118103.0,57515.0,19796.0,17055.0,12264.0,255,26
195,12,195,sample-data,2013.11.20 14:57:51.615,2013.11.20 15:01:09.198593,40,80,641937.0,249332.0,17263.0,42165.0,9174.0,19830.0,3645.0,1283.0,255,51
196,12,196,sample-data,2013.11.20 14:57:51.615,2013.11.20 15:01:10.199593,37,64,897717.0,90737.0,19271.0,12456.0,4687.0,7053.0,2087.0,2747.0,255,0
197,12,197,sample-data,2013.11.20 14:57:51.615,2013.11.20 15:01:11.200593,37,61,1375479.0,71585.0,54185.0,10166.0,9572.0,12428.0,6985.0,4790.0,255,0
198,12,198,sample-data,2013.11.20 14:57:51.615,2013.11.20 15:01:12.201592,48,57,863192.0,141996.0,6248.0,37301.0,28491.0,20141.0,36711.0,20408.0,255,0
199,12,199,sample-data,2013.11.20 14:57:51.615,2013.11.20 15:01:13.202593,48,57,1798592.0,102864.0,40666.0,76988.0,57722.0,16893.0,13245.0,4965.0,255,51
200,12,200,sample-data,2013.11.20 14:57:51.615,2013.11.20 15:01:14.203593,35,51,185668.0,41110.0,3990.0,10258.0,9304.0,5352.0,2274.0,1610.0,255,0
201,12,201,sample-data,2013.11.20 14:57:51.615,2013.11.20 15:01:15.204593,38,69,314339.0,41221.0,39729.0,18357.0,3930.0,7806.0,11046.0,15684.0,255,0
202,12,202,sample-data,2013.11.20 14:57:51.615,2013.11.20 15:01:16.205593,29,50,1960960.0,238026.0,4512.0,42787.0,8989.0,13266.0,9980.0,3591.0,255,0
203,12,203,sample-data,2013.11.20 14:57:51.615,2013.11.20 15:01:17.206593,29,50,248015.0,16670.0,10770.0,5788.0,3960.0,6942.0,7844.0,1151.0,255,51
204,12,204,sample-data,2013.11.20 14:57:51.615,2013.11.20 15:01:18.207592,29,50,715554.0,758035.0,124169.0,102687.0,107928.0,289651.0,183768.0,17652.0,255,51
205,12,205,sample-data,2013.11.20 14:57:51.615,2013.11.20 15:01:19.208593,29,50,451186.0,54762.0,9459.0,7669.0,4979.0,14756.0,8247.0,1661.0,255,51
206,12,206,sample-data,2013.11.20 14:57:51.615,2013.11.20 15:01:20.209594,29,50,1458744.0,389810.0,316197.0,60680.0,87735.0,224196.0,67883.0,9769.0,255,25
207,12,207,sample-data,2013.11.20 14:57:51.615,2013.11.20 15:01:21.210593,29,50,648754.0,61092.0,19938.0,25722.0,8233.0,40311.0,15154.0,7368.0,255,51
208,12,208,sample-data,2013.11.20 14:57:51.615,2013.11.20 15:01:22.211593,29,50,648754.0,61092.0,19938.0,25722.0,8233.0,40311.0,15154.0,7368.0,255,51
209,12,209,sample-data,2013.11.20 14:57:51.615,2013.11.20 15:01:23.212594,29,50,1326784.0,476109.0,99999.0,82381.0,11282.0,84863.0,30101.0,41395.0,255,51
210,12,210,sample-data,2013.11.20 14:57:51.615,2013.11.20 15:01:24.213593,29,50,833947.0,68064.0,22011.0,9734.0,16036.0,33548.0,11671.0,4781.0,255,51
211,12,211,sample-data,2013.11.20 14:57:51.615,2013.11.20 15:01:25.214593,29,50,846018.0,59735.0,51503.0,91509.0,16915.0,63940.0,35198.0,9822.0,255,26
212,12,212,sample-data,2013.11.20 14:57:51.615,2013.11.20 15:01:26.215593,29,50,2467948.0,153333.0,126349.0,69686.0,23856.0,193909.0,60165.0,46132.0,255,51
213,12,213,sample-data,2013.11.20 14:57:51.615,2013.11.20 15:01:27.216594,29,50,463246.0,117858.0,35385.0,122289.0,70164.0,81697.0,40896.0,8964.0,255,26
214,12,214,sample-data,2013.11.20 14:57:51.615,2013.11.20 15:01:28.217593,29,50,643618.0,26821.0,13202.0,11170.0,38434.0,20982.0,5184.0,6348.0,255,25
215,12,215,sample-data,2013.11.20 14:57:51.615,2013.11.20 15:01:29.218593,29,50,42408.0,15593.0,2318.0,924.0,769.0,1255.0,1752.0,160.0,255,25
216,12,216,sample-data,2013.11.20 14:57:51.615,2013.11.20 15:01:30.219592,29,50,1647106.0,898240.0,226501.0,39827.0,140914.0,194481.0,69491.0,21566.0,255,51
217,12,217,sample-data,2013.11.20 14:57:51.615,2013.11.20 15:01:31.220593,29,50,203502.0,8271.0,38111.0,2860.0,15677.0,5607.0,6184.0,1439.0,255,51
218,12,218,sample-data,2013.11.20 14:57:51.615,2013.11.20 15:01:32.221593,29,50,2362499.0,384168.0,13967.0,9794.0,32033.0,30576.0,17390.0,5135.0,255,26
219,12,219,sample-data,2013.11.20 14:57:51.615,2013.11.20 15:01:33.222593,29,50,1839807.0,377205.0,147002.0,56945.0,35826.0,43281.0,38216.0,12245.0,71,26
220,12,220,sample-data,2013.11.20 14:57:51.615,2013.11.20 15:01:34.223593,29,50,350644.0,79209.0,10861.0,9020.0,8284.0,10583.0,4922.0,1249.0,60,26
221,12,221,sample-data,2013.11.20 14:57:51.615,2013.11.20 15:01:35.224593,38,69,1869005.0,97096.0,134302.0,50941.0,58782.0,56722.0,75312.0,7984.0,60,0
222,12,222,sample-data,2013.11.20 14:57:51.615,2013.11.20 15:01:36.225593,38,69,979382.0,129112.0,39101.0,105367.0,34350.0,73928.0,12229.0,6829.0,60,51
223,12,223,sample-data,2013.11.20 14:57:51.615,2013.11.20 15:01:37.226593,38,69,87344.0,16671.0,14341.0,8218.0,6050.0,17027.0,2155.0,6982.0,60,26
224,12,224,sample-data,2013.11.20 14:57:51.615,2013.11.20 15:01:38.227592,54,70,1945999.0,38590.0,10057.0,22652.0,41271.0,30694.0,30942.0,6514.0,70,0
225,12,225,sample-data,2013.11.20 14:57:51.615,2013.11.20 15:01:39.228592,54,70,1518167.0,181093.0,65892.0,91180.0,38916.0,41533.0,11855.0,8947.0,70,26
226,12,226,sample-data,2013.11.20 14:57:51.615,2013.11.20 15:01:40.229594,54,70,561324.0,3132.0,1421.0,653.0,3415.0,961.0,1457.0,441.0,70,51
227,12,227,sample-data,2013.11.20 14:57:51.615,2013.11.20 15:01:41.230593,54,70,561324.0,3132.0,1421.0,653.0,3415.0,961.0,1457.0,441.0,70,51
228,12,228,sample-data,2013.11.20 14:57:51.615,2013.11.20 15:01:42.231593,54,70,275191.0,11180.0,7954.0,3616.0,2315.0,2449.0,788.0,181.0,70,25
229,12,229,sample-data,2013.11.20 14:57:51.615,2013.11.20 15:01:43.232593,54,70,883400.0,74878.0,43224.0,216815.0,317811.0,222107.0,64564.0,19214.0,70,51
230,12,230,sample-data,2013.11.20 14:57:51.615,2013.11.20 15:01:44.233593,54,70,618980.0,180598.0,87308.0,61645.0,70461.0,17335.0,6339.0,5222.0,70,51
231,12,231,sample-data,2013.11.20 14:57:51.615,2013.11.20 15:01:45.234593,54,70,218285.0,174058.0,29176.0,83455.0,117529.0,93362.0,55484.0,41461.0,70,51
232,12,232,sample-data,2013.11.20 14:57:51.615,2013.11.20 15:01:46.235594,54,70,184085.0,15639.0,22559.0,18227.0,8117.0,19089.0,22973.0,18604.0,70,51
233,12,233,sample-data,2013.11.20 14:57:51.615,2013.11.20 15:01:47.236593,54,70,1958840.0,1991883.0,28040.0,243792.0,249876.0,291305.0,52411.0,14603.0,70,51
234,12,234,sample-data,2013.11.20 14:57:51.615,2013.11.20 15:01:48.237593,0,0,1883458.0,57187.0,56878.0,94301.0,70647.0,47970.0,6229.0,5775.0,70,51
235,12,235,sample-data,2013.11.20 14:57:51.615,2013.11.20 15:01:49.238593,0,0,425530.0,116404.0,58844.0,18110.0,7599.0,33640.0,42368.0,9321.0,70,51
236,12,236,sample-data,2013.11.20 14:57:51.615,2013.11.20 15:01:50.239593,0,0,150908.0,203729.0,68566.0,40776.0,42280.0,82253.0,72973.0,11731.0,70,26
237,12,237,sample-data,2013.11.20 14:57:51.615,2013.11.20 15:01:51.240593,0,0,493263.0,84504.0,22622.0,30612.0,31286.0,45512.0,27737.0,13987.0,70,51
238,12,238,sample-data,2013.11.20 14:57:51.615,2013.11.20 15:01:52.241594,0,0,1873023.0,27682.0,51648.0,29806.0,13571.0,17493.0,11009.0,3073.0,70,51
239,12,239,sample-data,2013.11.20 14:57:51.615,2013.11.20 15:01:53.242593,0,0,1694061.0,53286.0,11162.0,68926.0,51638.0,35837.0,21687.0,7443.0,70,51
240,12,240,sample-data,2013.11.20 14:57:51.615,2013.11.20 15:01:54.243592,0,0,412072.0,6996.0,1581.0,1469.0,2529.0,2722.0,1320.0,307.0,70,51
241,12,241,sample-data,2013.11.20 14:57:51.615,2013.11.20 15:01:55.244593,0,0,1155633.0,41775.0,30207.0,24553.0,10889.0,6642.0,3593.0,1438.0,70,51
242,12,242,sample-data,2013.11.20 14:57:51.615,2013.11.20 15:01:56.245593,0,0,820306.0,69304.0,54439.0,50828.0,36090.0,17740.0,20542.0,2958.0,70,25
243,12,243,sample-data,2013.11.20 14:57:51.615,2013.11.20 15:01:57.246594,0,0,2385015.0,82390.0,51897.0,30051.0,86551.0,22909.0,17868.0,16898.0,70,51
244,12,244,sample-data,2013.11.20 14:57:51.615,2013.11.20 15:01:58.247594,0,0,1623269.0,174196.0,219006.0,224955.0,126437.0,79720.0,29566.0,23991.0,70,51
245,12,245,sample-data,2013.11.20 14:57:51.615,2013.11.20 15:01:59.248593,0,0,129945.0,19320.0,3740.0,11408.0,9265.0,9229.0,3502.0,2151.0,70,51
246,12,246,sample-data,2013.11.20 14:57:51.615,2013.11.20 15:02:00.249593,0,0,1073091.0,691446.0,66810.0,93636.0,89239.0,148822.0,50771.0,36163.0,70,51
247,12,247,sample-data,2013.11.20 14:57:51.615,2013.11.20 15:02:01.250594,0,0,559875.0,231560.0,258087.0,238665.0,191699.0,77748.0,48920.0,46294.0,70,51
248,12,248,sample-data,2013.11.20 14:57:51.615,2013.11.20 15:02:02.251593,0,0,1507652.0,45220.0,6679.0,1515.0,1614.0,3099.0,767.0,186.0,70,25
249,12,249,sample-data,2013.11.20 14:57:51.615,2013.11.20 15:02:03.252593,0,0,1430486.0,27303.0,13007.0,5890.0,5045.0,22440.0,4486.0,833.0,70,51
250,12,250,sample-data,2013.11.20 14:57:51.615,2013.11.20 15:02:04.253592,0,0,755233.0,273522.0,19370.0,50002.0,77393.0,71076.0,53801.0,32192.0,70,51
251,12,251,sample-data,2013.11.20 14:57:51.615,2013.11.20 15:02:05.254594,0,0,0.0,0.0,0.0,0.0,0.0,0.0,0.0,0.0,70,25
252,12,252,sample-data,2013.11.20 14:57:51.615,2013.11.20 15:02:06.255593,0,0,654923.0,673594.0,92710.0,199555.0,93242.0,134585.0,45407.0,17905.0,70,25
253,12,253,sample-data,2013.11.20 14:57:51.615,2013.11.20 15:02:07.256594,0,0,383479.0,150042.0,122123.0,36087.0,125307.0,112842.0,102906.0,90162.0,70,51
254,12,254,sample-data,2013.11.20 14:57:51.615,2013.11.20 15:02:08.257593,0,0,722102.0,116912.0,58342.0,29770.0,12942.0,25166.0,7531.0,3525.0,70,51
255,12,255,sample-data,2013.11.20 14:57:51.615,2013.11.20 15:02:09.258593,0,0,2326282.0,1152637.0,38489.0,26698.0,55074.0,81951.0,65535.0,14031.0,70,51
256,12,256,sample-data,2013.11.20 14:57:51.615,2013.11.20 15:02:10.259594,0,0,1778251.0,239765.0,177449.0,38692.0,103432.0,223786.0,35157.0,18173.0,70,25
257,12,257,sample-data,2013.11.20 14:57:51.615,2013.11.20 15:02:11.260593,0,0,2363461.0,62156.0,59371.0,91582.0,144459.0,55802.0,27347.0,14411.0,70,26
258,12,258,sample-data,2013.11.20 14:57:51.615,2013.11.20 15:02:12.261593,0,0,1044660.0,100074.0,9761.0,21057.0,13793.0,10658.0,2602.0,2026.0,163,51
259,12,259,sample-data,2013.11.20 14:57:51.615,2013.11.20 15:02:13.262596,0,0,2090655.0,211196.0,32543.0,20040.0,10178.0,32081.0,33505.0,7882.0,163,51
260,12,260,sample-data,2013.11.20 14:57:51.615,2013.11.20 15:02:14.263593,0,0,873771.0,189181.0,140724.0,85405.0,143900.0,114383.0,49247.0,46864.0,163,25
261,12,261,sample-data,2013.11.20 14:57:51.615,2013.11.20 15:02:15.264592,0,0,1484258.0,29535.0,48631.0,87556.0,128970.0,118737.0,89172.0,17807.0,163,26
262,12,262,sample-data,2013.11.20 14:57:51.615,2013.11.20 15:02:16.265592,0,0,1646084.0,111081.0,61730.0,38925.0,20583.0,35267.0,14859.0,13583.0,103,0
263,12,263,sample-data,2013.11.20 14:57:51.615,2013.11.20 15:02:17.266594,0,0,1236183.0,227475.0,29343.0,20602.0,61685.0,52249.0,48093.0,24396.0,103,26
264,12,264,sample-data,2013.11.20 14:57:51.615,2013.11.20 15:02:18.267593,0,0,1146339.0,28738.0,7137.0,12822.0,13282.0,18765.0,2926.0,1901.0,100,26
265,12,265,sample-data,2013.11.20 14:57:51.615,2013.11.20 15:02:19.268593,0,0,831422.0,68353.0,26633.0,31612.0,80775.0,30792.0,9141.0,4044.0,242,51
266,12,266,sample-data,2013.11.20 14:57:51.615,2013.11.20 15:02:20.269594,0,0,1613841.0,222510.0,8256.0,128070.0,168614.0,221476.0,190341.0,34279.0,242,51
267,12,267,sample-data,2013.11.20 14:57:51.615,2013.11.20 15:02:21.270593,0,0,486261.0,47189.0,10288.0,10665.0,3649.0,5893.0,5661.0,3842.0,242,25
268,12,268,sample-data,2013.11.20 14:57:51.615,2013.11.20 15:02:22.271593,0,0,3181843.0,215219.0,65764.0,59461.0,37928.0,44356.0,41547.0,9424.0,242,0
269,12,269,sample-data,2013.11.20 14:57:51.615,2013.11.20 15:02:23.272592,0,0,3181843.0,215219.0,65764.0,59461.0,37928.0,44356.0,41547.0,9424.0,242,0
270,12,270,sample-data,2013.11.20 14:57:51.615,2013.11.20 15:02:24.273594,0,0,416966.0,8915.0,7048.0,2944.0,29905.0,3146.0,1363.0,780.0,181,51
271,12,271,sample-data,2013.11.20 14:57:51.615,2013.11.20 15:02:25.274593,0,0,281061.0,25742.0,4963.0,15810.0,3603.0,10774.0,1955.0,2465.0,181,51
272,12,272,sample-data,2013.11.20 14:57:51.615,2013.11.20 15:02:26.275594,0,0,318927.0,87846.0,13600.0,106628.0,87410.0,155106.0,192616.0,104414.0,181,51
273,12,273,sample-data,2013.11.20 14:57:51.615,2013.11.20 15:02:27.276593,0,0,934038.0,135492.0,46173.0,32968.0,39700.0,65328.0,11269.0,9391.0,181,51
274,12,274,sample-data,2013.11.20 14:57:51.615,2013.11.20 15:02:28.277593,0,0,2032644.0,368881.0,135145.0,141508.0,219660.0,222201.0,224334.0,69719.0,181,51
275,12,275,sample-data,2013.11.20 14:57:51.615,2013.11.20 15:02:29.278594,0,0,146610.0,58480.0,4847.0,20975.0,11731.0,9955.0,6906.0,10404.0,181,51
276,12,276,sample-data,2013.11.20 14:57:51.615,2013.11.20 15:02:30.279593,0,0,254618.0,45411.0,18873.0,13412.0,16038.0,11646.0,5667.0,7051.0,181,26
277,12,277,sample-data,2013.11.20 14:57:51.615,2013.11.20 15:02:31.280594,69,57,187874.0,37125.0,19750.0,5450.0,5802.0,12095.0,13474.0,1663.0,181,0
278,12,278,sample-data,2013.11.20 14:57:51.615,2013.11.20 15:02:32.281593,100,80,358796.0,14049.0,25720.0,13597.0,23090.0,23045.0,12920.0,5982.0,181,0
279,12,279,sample-data,2013.11.20 14:57:51.615,2013.11.20 15:02:33.282594,100,80,571370.0,78859.0,29599.0,8519.0,38571.0,25702.0,18691.0,1968.0,75,26
280,12,280,sample-data,2013.11.20 14:57:51.615,2013.11.20 15:02:34.283593,100,80,669640.0,1865495.0,201473.0,334112.0,1234572.0,845345.0,368705.0,334887.0,75,26
281,12,281,sample-data,2013.11.20 14:57:51.615,2013.11.20 15:02:35.284594,100,80,526535.0,305017.0,230019.0,143685.0,31946.0,14423.0,9676.0,7080.0,75,51
282,12,282,sample-data,2013.11.20 14:57:51.615,2013.11.20 15:02:36.285593,100,80,1585170.0,760155.0,157177.0,153145.0,193203.0,163419.0,103755.0,40855.0,75,51
283,12,283,sample-data,2013.11.20 14:57:51.615,2013.11.20 15:02:37.286593,100,80,1585170.0,760155.0,157177.0,153145.0,193203.0,163419.0,103755.0,40855.0,75,51
284,12,284,sample-data,2013.11.20 14:57:51.615,2013.11.20 15:02:38.287593,100,80,1192897.0,90341.0,28009.0,23881.0,21378.0,20739.0,16355.0,4469.0,75,51
285,12,285,sample-data,2013.11.20 14:57:51.615,2013.11.20 15:02:39.288593,100,80,104437.0,100009.0,10727.0,14952.0,11779.0,5058.0,6005.0,2075.0,75,25
286,12,286,sample-data,2013.11.20 14:57:51.615,2013.11.20 15:02:40.289593,100,80,230265.0,59305.0,10158.0,9957.0,11577.0,9508.0,1772.0,1332.0,75,25
287,12,287,sample-data,2013.11.20 14:57:51.615,2013.11.20 15:02:41.290593,100,80,1954815.0,743211.0,124108.0,71791.0,128339.0,112383.0,17410.0,33941.0,175,25
288,12,288,sample-data,2013.11.20 14:57:51.615,2013.11.20 15:02:42.291592,100,80,2627277.0,928775.0,108522.0,38453.0,67041.0,70826.0,196825.0,242306.0,66,51
289,12,289,sample-data,2013.11.20 14:57:51.615,2013.11.20 15:02:43.292593,100,80,871347.0,1025063.0,308880.0,223358.0,117073.0,201053.0,57438.0,24545.0,66,26
290,12,290,sample-data,2013.11.20 14:57:51.615,2013.11.20 15:02:44.293593,100,80,121929.0,10696.0,1766.0,1088.0,1079.0,2199.0,1740.0,498.0,66,26
291,12,291,sample-data,2013.11.20 14:57:51.615,2013.11.20 15:02:45.294593,100,75,694962.0,26537.0,9241.0,17381.0,5657.0,9155.0,3819.0,1179.0,66,0
292,12,292,sample-data,2013.11.20 14:57:51.615,2013.11.20 15:02:46.295594,100,75,636623.0,454111.0,58886.0,15422.0,57379.0,82368.0,56888.0,7212.0,66,51
293,12,293,sample-data,2013.11.20 14:57:51.615,2013.11.20 15:02:47.296594,100,75,565229.0,90061.0,9725.0,32763.0,13462.0,15269.0,7268.0,4461.0,66,51
294,12,294,sample-data,2013.11.20 14:57:51.615,2013.11.20 15:02:48.297593,100,75,299603.0,48825.0,31031.0,18522.0,14559.0,8429.0,6146.0,18046.0,66,51
295,12,295,sample-data,2013.11.20 14:57:51.615,2013.11.20 15:02:49.298593,100,75,1575472.0,1185415.0,2764742.0,143941.0,563692.0,239864.0,140665.0,273163.0,66,51
296,12,296,sample-data,2013.11.20 14:57:51.615,2013.11.20 15:02:50.299594,100,75,1421866.0,72699.0,62904.0,107940.0,24814.0,97819.0,60297.0,33203.0,66,51
297,12,297,sample-data,2013.11.20 14:57:51.615,2013.11.20 15:02:51.300594,100,75,39019.0,14787.0,5074.0,3511.0,2180.0,1222.0,404.0,267.0,66,25
298,12,298,sample-data,2013.11.20 14:57:51.615,2013.11.20 15:02:52.301594,100,75,342013.0,259519.0,7104.0,11911.0,17263.0,16479.0,17566.0,5663.0,66,25
299,12,299,sample-data,2013.11.20 14:57:51.615,2013.11.20 15:02:53.302592,100,75,2940024.0,200729.0,79826.0,73826.0,63881.0,125101.0,107433.0,16821.0,66,51
300,12,300,sample-data,2013.11.20 14:57:51.615,2013.11.20 15:02:54.303593,100,75,1931180.0,70362.0,28181.0,20645.0,170260.0,184772.0,16546.0,4205.0,66,51
301,12,301,sample-data,2013.11.20 14:57:51.615,2013.11.20 15:02:55.304593,100,75,0.0,1.0,0.0,0.0,0.0,0.0,0.0,0.0,66,25
302,12,302,sample-data,2013.11.20 14:57:51.615,2013.11.20 15:02:56.305594,100,75,1265541.0,84589.0,18779.0,7236.0,5782.0,10466.0,15406.0,7293.0,66,25
303,12,303,sample-data,2013.11.20 14:57:51.615,2013.11.20 15:02:57.306593,100,75,1904582.0,212432.0,74679.0,92635.0,23877.0,179326.0,99479.0,83134.0,255,51
304,12,304,sample-data,2013.11.20 14:57:51.615,2013.11.20 15:02:58.307593,100,75,567766.0,60932.0,33852.0,29822.0,15661.0,32825.0,27101.0,16628.0,255,51
305,12,305,sample-data,2013.11.20 14:57:51.615,2013.11.20 15:02:59.308593,100,75,2325929.0,414989.0,149841.0,87782.0,94686.0,83332.0,206608.0,31194.0,255,51
306,12,306,sample-data,2013.11.20 14:57:51.615,2013.11.20 15:03:00.309593,100,75,379278.0,5775.0,4342.0,3134.0,2382.0,2976.0,4433.0,2888.0,255,25
307,12,307,sample-data,2013.11.20 14:57:51.615,2013.11.20 15:03:01.310594,100,75,122206.0,152787.0,146163.0,44903.0,5517.0,108642.0,24046.0,20765.0,255,51
308,12,308,sample-data,2013.11.20 14:57:51.615,2013.11.20 15:03:02.311593,100,75,296971.0,142321.0,58806.0,36318.0,46260.0,25854.0,40785.0,19395.0,255,26
309,12,309,sample-data,2013.11.20 14:57:51.615,2013.11.20 15:03:03.312593,100,75,1074797.0,120325.0,80902.0,105437.0,53787.0,61402.0,46092.0,41157.0,255,51
310,12,310,sample-data,2013.11.20 14:57:51.615,2013.11.20 15:03:04.313593,100,75,1276123.0,172689.0,24845.0,13681.0,6725.0,3743.0,1564.0,850.0,255,25
311,12,311,sample-data,2013.11.20 14:57:51.615,2013.11.20 15:03:05.314594,100,75,0.0,0.0,0.0,0.0,0.0,0.0,0.0,0.0,255,25
312,12,312,sample-data,2013.11.20 14:57:51.615,2013.11.20 15:03:06.315594,100,75,1310080.0,909239.0,62485.0,84961.0,120859.0,111264.0,187232.0,66476.0,255,51
313,12,313,sample-data,2013.11.20 14:57:51.615,2013.11.20 15:03:07.316594,100,75,1115293.0,258131.0,41713.0,131291.0,257610.0,217182.0,85179.0,37640.0,255,51
314,12,314,sample-data,2013.11.20 14:57:51.615,2013.11.20 15:03:08.317594,100,75,709791.0,430114.0,190073.0,153705.0,104253.0,331627.0,83172.0,41931.0,255,51
315,12,315,sample-data,2013.11.20 14:57:51.615,2013.11.20 15:03:09.318594,100,75,958261.0,592405.0,194038.0,268797.0,217096.0,114777.0,40477.0,29592.0,255,51
316,12,316,sample-data,2013.11.20 14:57:51.615,2013.11.20 15:03:10.319594,100,75,742489.0,201979.0,651296.0,201817.0,268909.0,275980.0,146570.0,184328.0,255,51
317,12,317,sample-data,2013.11.20 14:57:51.615,2013.11.20 15:03:11.320593,100,75,119376.0,416952.0,172600.0,147110.0,225493.0,250838.0,121556.0,188747.0,255,51
318,12,318,sample-data,2013.11.20 14:57:51.615,2013.11.20 15:03:12.321594,0,0,1328565.0,48649.0,23772.0,48120.0,76919.0,61812.0,10104.0,1190.0,255,51
319,12,319,sample-data,2013.11.20 14:57:51.615,2013.11.20 15:03:13.322594,0,0,470353.0,152244.0,70846.0,41368.0,38769.0,19923.0,24848.0,11325.0,255,51
320,12,320,sample-data,2013.11.20 14:57:51.615,2013.11.20 15:03:14.323593,0,0,1449453.0,765326.0,372178.0,220581.0,138403.0,65354.0,29068.0,92069.0,255,51
321,12,321,sample-data,2013.11.20 14:57:51.615,2013.11.20 15:03:15.324594,0,0,633957.0,212408.0,230393.0,211328.0,111887.0,17065.0,7168.0,7890.0,255,51
322,12,322,sample-data,2013.11.20 14:57:51.615,2013.11.20 15:03:16.325593,0,0,1986.0,4921.0,5553.0,2979.0,2592.0,1550.0,413.0,106.0,255,25
323,12,323,sample-data,2013.11.20 14:57:51.615,2013.11.20 15:03:17.326594,0,0,1403765.0,310775.0,20522.0,156612.0,113908.0,45186.0,27387.0,10436.0,255,51
324,12,324,sample-data,2013.11.20 14:57:51.615,2013.11.20 15:03:18.327594,0,0,1320246.0,1390400.0,628407.0,527476.0,439313.0,431003.0,177344.0,102495.0,255,51
325,12,325,sample-data,2013.11.20 14:57:51.615,2013.11.20 15:03:19.328593,0,0,1774652.0,104321.0,27831.0,55668.0,46508.0,45233.0,34446.0,9806.0,255,51
326,12,326,sample-data,2013.11.20 14:57:51.615,2013.11.20 15:03:20.329593,0,0,838208.0,230687.0,106268.0,58693.0,75408.0,44528.0,38969.0,10707.0,255,25
327,12,327,sample-data,2013.11.20 14:57:51.615,2013.11.20 15:03:21.330594,0,0,657758.0,484071.0,33826.0,183960.0,67243.0,41321.0,10710.0,6505.0,255,0
328,12,328,sample-data,2013.11.20 14:57:51.615,2013.11.20 15:03:22.331594,0,0,1081168.0,72745.0,15869.0,9604.0,5305.0,10535.0,3941.0,3065.0,253,0
329,12,329,sample-data,2013.11.20 14:57:51.615,2013.11.20 15:03:23.332593,0,0,986835.0,69781.0,23632.0,41928.0,85764.0,35770.0,21071.0,4618.0,253,51
330,12,330,sample-data,2013.11.20 14:57:51.615,2013.11.20 15:03:24.333594,0,0,986835.0,69781.0,23632.0,41928.0,85764.0,35770.0,21071.0,4618.0,253,51
331,12,331,sample-data,2013.11.20 14:57:51.615,2013.11.20 15:03:25.334593,0,0,662542.0,23827.0,9147.0,6793.0,15082.0,25196.0,10988.0,3161.0,253,51
332,12,332,sample-data,2013.11.20 14:57:51.615,2013.11.20 15:03:26.335593,0,0,1931076.0,1973143.0,119400.0,334527.0,166499.0,168824.0,184101.0,121547.0,253,26
333,12,333,sample-data,2013.11.20 14:57:51.615,2013.11.20 15:03:27.336594,0,0,848284.0,194623.0,21752.0,24218.0,29112.0,43059.0,29238.0,4151.0,253,51
334,12,334,sample-data,2013.11.20 14:57:51.615,2013.11.20 15:03:28.337593,0,0,1294165.0,56258.0,4179.0,21612.0,9789.0,32663.0,5208.0,2461.0,253,51
335,12,335,sample-data,2013.11.20 14:57:51.615,2013.11.20 15:03:29.338593,0,0,671832.0,195847.0,32060.0,13126.0,69893.0,26838.0,19989.0,8394.0,253,25
336,12,336,sample-data,2013.11.20 14:57:51.615,2013.11.20 15:03:30.339593,0,0,1477287.0,72109.0,31367.0,12915.0,34516.0,26706.0,13935.0,3078.0,253,0
337,12,337,sample-data,2013.11.20 14:57:51.615,2013.11.20 15:03:31.340593,0,0,521551.0,30933.0,14068.0,6711.0,9514.0,6997.0,2485.0,583.0,253,51
338,12,338,sample-data,2013.11.20 14:57:51.615,2013.11.20 15:03:32.341594,0,0,2574345.0,164697.0,59689.0,12567.0,54971.0,181770.0,101666.0,30988.0,253,26
339,12,339,sample-data,2013.11.20 14:57:51.615,2013.11.20 15:03:33.342594,0,0,1914150.0,3057579.0,122388.0,106286.0,1501488.0,1037781.0,669886.0,361816.0,253,51
340,12,340,sample-data,2013.11.20 14:57:51.615,2013.11.20 15:03:34.343594,0,0,966119.0,126127.0,62276.0,161362.0,122161.0,246592.0,205941.0,158263.0,253,51
341,12,341,sample-data,2013.11.20 14:57:51.615,2013.11.20 15:03:35.344594,0,0,1750535.0,448926.0,40534.0,17638.0,21911.0,77023.0,29670.0,17261.0,253,51
342,12,342,sample-data,2013.11.20 14:57:51.615,2013.11.20 15:03:36.345593,0,0,603528.0,142069.0,171760.0,84399.0,30571.0,71574.0,74237.0,12788.0,253,51
343,12,343,sample-data,2013.11.20 14:57:51.615,2013.11.20 15:03:37.346593,97,87,236752.0,29516.0,9079.0,9742.0,7253.0,9131.0,7154.0,1355.0,253,0
344,12,344,sample-data,2013.11.20 14:57:51.615,2013.11.20 15:03:38.347593,97,87,782065.0,29484.0,11097.0,5304.0,13760.0,7529.0,5404.0,3028.0,253,25
345,12,345,sample-data,2013.11.20 14:57:51.615,2013.11.20 15:03:39.348594,97,87,1403709.0,198568.0,34020.0,72628.0,115842.0,130669.0,22757.0,25970.0,221,26
346,12,346,sample-data,2013.11.20 14:57:51.615,2013.11.20 15:03:40.349593,97,87,209557.0,166334.0,13737.0,21966.0,7151.0,23428.0,7870.0,3219.0,221,26
347,12,347,sample-data,2013.11.20 14:57:51.615,2013.11.20 15:03:41.350594,97,87,1501628.0,431824.0,346966.0,197617.0,128227.0,119845.0,121994.0,132558.0,221,51
348,12,348,sample-data,2013.11.20 14:57:51.615,2013.11.20 15:03:42.351593,97,87,752711.0,16002.0,26002.0,31662.0,22652.0,18534.0,13870.0,9547.0,221,51
349,12,349,sample-data,2013.11.20 14:57:51.615,2013.11.20 15:03:43.352593,97,87,93233.0,18058.0,488.0,865.0,9615.0,7295.0,13608.0,3562.0,221,51
350,12,350,sample-data,2013.11.20 14:57:51.615,2013.11.20 15:03:44.353592,97,87,481946.0,90278.0,54972.0,44543.0,13097.0,131190.0,16247.0,6099.0,221,51
351,12,351,sample-data,2013.11.20 14:57:51.615,2013.11.20 15:03:45.354594,97,87,323844.0,52178.0,75730.0,77094.0,58570.0,121359.0,30106.0,13619.0,221,51
352,12,352,sample-data,2013.11.20 14:57:51.615,2013.11.20 15:03:46.355594,97,87,652144.0,256395.0,108160.0,78461.0,181570.0,228749.0,269004.0,229398.0,221,51
353,12,353,sample-data,2013.11.20 14:57:51.615,2013.11.20 15:03:47.356593,0,0,1835155.0,276230.0,128807.0,60553.0,70774.0,113149.0,82602.0,53750.0,221,51
354,12,354,sample-data,2013.11.20 14:57:51.615,2013.11.20 15:03:48.357593,0,0,48947.0,33027.0,30794.0,20495.0,52241.0,31932.0,32417.0,16638.0,221,51
355,12,355,sample-data,2013.11.20 14:57:51.615,2013.11.20 15:03:49.358592,0,0,864631.0,49215.0,33233.0,23126.0,10155.0,14577.0,6036.0,14413.0,221,51
356,12,356,sample-data,2013.11.20 14:57:51.615,2013.11.20 15:03:50.359594,0,0,2472412.0,2442106.0,381764.0,516134.0,430482.0,293235.0,45615.0,68804.0,221,51
357,12,357,sample-data,2013.11.20 14:57:51.615,2013.11.20 15:03:51.360593,0,0,2319995.0,48505.0,10593.0,37708.0,30048.0,23854.0,19319.0,5181.0,221,51
358,12,358,sample-data,2013.11.20 14:57:51.615,2013.11.20 15:03:52.361594,0,0,97401.0,51057.0,30550.0,22365.0,31436.0,30395.0,20152.0,7851.0,221,25
359,12,359,sample-data,2013.11.20 14:57:51.615,2013.11.20 15:03:53.362593,0,0,206048.0,43032.0,13702.0,19379.0,15635.0,37537.0,36352.0,13688.0,221,25
360,12,360,sample-data,2013.11.20 14:57:51.615,2013.11.20 15:03:54.363593,0,0,1394308.0,733304.0,223946.0,294473.0,521224.0,506013.0,399139.0,280769.0,221,51
361,12,361,sample-data,2013.11.20 14:57:51.615,2013.11.20 15:03:55.364593,0,0,1673492.0,1024975.0,250608.0,462678.0,835326.0,501586.0,790978.0,272972.0,221,51
362,12,362,sample-data,2013.11.20 14:57:51.615,2013.11.20 15:03:56.365593,0,0,205598.0,89924.0,15113.0,38671.0,43109.0,32856.0,11445.0,5498.0,221,26
363,12,363,sample-data,2013.11.20 14:57:51.615,2013.11.20 15:03:57.366593,0,0,807588.0,68399.0,26945.0,22230.0,21097.0,29545.0,40709.0,21866.0,221,51
364,12,364,sample-data,2013.11.20 14:57:51.615,2013.11.20 15:03:58.367594,0,0,534.0,256.0,100.0,57.0,24.0,21.0,7.0,4.0,221,25
365,12,365,sample-data,2013.11.20 14:57:51.615,2013.11.20 15:03:59.368593,0,0,1047799.0,150766.0,33768.0,71127.0,74925.0,50261.0,6672.0,3302.0,221,25
366,12,366,sample-data,2013.11.20 14:57:51.615,2013.11.20 15:04:00.369593,0,0,734201.0,16812.0,10472.0,8909.0,30204.0,14165.0,3206.0,2790.0,221,51
367,12,367,sample-data,2013.11.20 14:57:51.615,2013.11.20 15:04:01.370593,0,0,318375.0,134334.0,18725.0,157414.0,83770.0,97085.0,63543.0,34017.0,221,51
368,12,368,sample-data,2013.11.20 14:57:51.615,2013.11.20 15:04:02.371593,0,0,1477365.0,155737.0,112102.0,136624.0,192060.0,83245.0,51704.0,68094.0,221,51
369,12,369,sample-data,2013.11.20 14:57:51.615,2013.11.20 15:04:03.372594,0,0,1134428.0,78161.0,33825.0,38342.0,46344.0,21402.0,11061.0,3678.0,221,51
370,12,370,sample-data,2013.11.20 14:57:51.615,2013.11.20 15:04:04.373593,0,0,131552.0,7986.0,12625.0,7218.0,5986.0,7027.0,8272.0,10132.0,221,51
371,12,371,sample-data,2013.11.20 14:57:51.615,2013.11.20 15:04:05.374594,0,0,279688.0,137853.0,102861.0,134598.0,128821.0,32449.0,40580.0,18188.0,221,51
372,12,372,sample-data,2013.11.20 14:57:51.615,2013.11.20 15:04:06.375593,0,0,934518.0,8503.0,8157.0,10001.0,26940.0,35149.0,14468.0,10485.0,221,51
373,12,373,sample-data,2013.11.20 14:57:51.615,2013.11.20 15:04:07.376593,0,0,250646.0,43671.0,23864.0,2719.0,8016.0,5191.0,2099.0,1888.0,221,51
374,12,374,sample-data,2013.11.20 14:57:51.615,2013.11.20 15:04:08.377594,0,0,2662845.0,171469.0,46983.0,31073.0,9825.0,5485.0,2289.0,1348.0,221,25
375,12,375,sample-data,2013.11.20 14:57:51.615,2013.11.20 15:04:09.378592,0,0,2662845.0,171469.0,46983.0,31073.0,9825.0,5485.0,2289.0,1348.0,221,25
376,12,376,sample-data,2013.11.20 14:57:51.615,2013.11.20 15:04:10.379593,0,0,1101309.0,746775.0,32959.0,61921.0,47711.0,57046.0,28932.0,17093.0,221,51
377,12,377,sample-data,2013.11.20 14:57:51.615,2013.11.20 15:04:11.380594,0,0,990179.0,135429.0,5901.0,1226.0,9807.0,6346.0,6816.0,2184.0,221,25
378,12,378,sample-data,2013.11.20 14:57:51.615,2013.11.20 15:04:12.381593,0,0,364496.0,69130.0,75114.0,55366.0,15090.0,21624.0,17339.0,8228.0,221,51
379,12,379,sample-data,2013.11.20 14:57:51.615,2013.11.20 15:04:13.382593,0,0,757990.0,41690.0,4494.0,4880.0,7005.0,6098.0,1892.0,1439.0,221,51
380,12,380,sample-data,2013.11.20 14:57:51.615,2013.11.20 15:04:14.383593,0,0,46673.0,33362.0,7713.0,3009.0,5787.0,3368.0,1060.0,1341.0,221,0
381,12,381,sample-data,2013.11.20 14:57:51.615,2013.11.20 15:04:15.384594,0,0,133982.0,14946.0,13423.0,5719.0,12617.0,15972.0,3766.0,2241.0,221,0
382,12,382,sample-data,2013.11.20 14:57:51.615,2013.11.20 15:04:16.385594,0,0,1223211.0,107087.0,23470.0,26596.0,10562.0,23404.0,8231.0,3073.0,221,26
383,12,383,sample-data,2013.11.20 14:57:51.615,2013.11.20 15:04:17.386594,0,0,210993.0,110038.0,16591.0,34762.0,23481.0,31813.0,30271.0,13541.0,221,51
384,12,384,sample-data,2013.11.20 14:57:51.615,2013.11.20 15:04:18.387594,0,0,852761.0,70549.0,6654.0,71276.0,101872.0,50940.0,51737.0,10000.0,221,51
385,12,385,sample-data,2013.11.20 14:57:51.615,2013.11.20 15:04:19.388594,0,0,1074659.0,27555.0,9716.0,13004.0,16323.0,19530.0,5735.0,3227.0,221,0
386,12,386,sample-data,2013.11.20 14:57:51.615,2013.11.20 15:04:20.389595,0,0,348186.0,89669.0,16380.0,16154.0,7825.0,13626.0,13556.0,2942.0,54,26
387,12,387,sample-data,2013.11.20 14:57:51.615,2013.11.20 15:04:21.390593,0,0,2173349.0,598692.0,81579.0,124125.0,26813.0,144536.0,34023.0,55761.0,54,51
388,12,388,sample-data,2013.11.20 14:57:51.615,2013.11.20 15:04:22.391593,0,0,910504.0,422066.0,295481.0,55164.0,207443.0,235882.0,112425.0,60891.0,54,51
389,12,389,sample-data,2013.11.20 14:57:51.615,2013.11.20 15:04:23.392593,0,0,1291204.0,250210.0,25927.0,40077.0,58667.0,39158.0,18965.0,13675.0,54,51
390,12,390,sample-data,2013.11.20 14:57:51.615,2013.11.20 15:04:24.393593,0,0,976657.0,466362.0,524241.0,483502.0,97834.0,418932.0,61830.0,38711.0,54,25
391,12,391,sample-data,2013.11.20 14:57:51.615,2013.11.20 15:04:25.394593,0,0,1485915.0,422052.0,8251.0,38471.0,74883.0,46107.0,22120.0,18017.0,54,51
392,12,392,sample-data,2013.11.20 14:57:51.615,2013.11.20 15:04:26.395594,0,0,2111652.0,822279.0,219547.0,54157.0,360008.0,209409.0,50349.0,43155.0,54,25
393,12,393,sample-data,2013.11.20 14:57:51.615,2013.11.20 15:04:27.396593,0,0,563350.0,117895.0,32063.0,29419.0,70833.0,46827.0,16600.0,17450.0,54,51
394,12,394,sample-data,2013.11.20 14:57:51.615,2013.11.20 15:04:28.397594,0,0,1246044.0,163765.0,22688.0,12798.0,6579.0,3516.0,1445.0,826.0,54,25
395,12,395,sample-data,2013.11.20 14:57:51.615,2013.11.20 15:04:29.398594,0,0,88.0,94.0,93.0,88.0,78.0,77.0,61.0,41.0,54,25
396,12,396,sample-data,2013.11.20 14:57:51.615,2013.11.20 15:04:30.399593,0,0,1257462.0,348492.0,63598.0,114508.0,45081.0,129753.0,48572.0,29539.0,54,51
397,12,397,sample-data,2013.11.20 14:57:51.615,2013.11.20 15:04:31.400592,0,0,612812.0,79060.0,12606.0,12498.0,5648.0,7360.0,2700.0,859.0,54,51
398,12,398,sample-data,2013.11.20 14:57:51.615,2013.11.20 15:04:32.401594,0,0,843.0,356.0,114.0,65.0,80.0,44.0,25.0,19.0,54,25
399,12,399,sample-data,2013.11.20 14:57:51.615,2013.11.20 15:04:33.402593,0,0,1.0,1.0,0.0,0.0,0.0,0.0,0.0,0.0,54,25
400,12,400,sample-data,2013.11.20 14:57:51.615,2013.11.20 15:04:34.403593,0,0,2075744.0,304347.0,366412.0,334356.0,431319.0,246416.0,145025.0,52742.0,54,51
401,12,401,sample-data,2013.11.20 14:57:51.615,2013.11.20 15:04:35.404593,0,0,601827.0,65997.0,14669.0,22725.0,9100.0,15163.0,19365.0,25344.0,54,51
402,12,402,sample-data,2013.11.20 14:57:51.615,2013.11.20 15:04:36.405594,0,0,213539.0,78953.0,42036.0,39772.0,18506.0,12961.0,10461.0,5806.0,54,51
403,12,403,sample-data,2013.11.20 14:57:51.615,2013.11.20 15:04:37.406593,0,0,252818.0,32988.0,17788.0,13911.0,4568.0,24030.0,17791.0,12369.0,54,51
404,12,404,sample-data,2013.11.20 14:57:51.615,2013.11.20 15:04:38.407594,0,0,784878.0,55942.0,28503.0,11598.0,41742.0,27399.0,12458.0,14820.0,54,51
405,12,405,sample-data,2013.11.20 14:57:51.615,2013.11.20 15:04:39.408594,0,0,42736.0,10144.0,10798.0,2021.0,6708.0,11458.0,2970.0,2870.0,54,25
406,12,406,sample-data,2013.11.20 14:57:51.615,2013.11.20 15:04:40.409593,87,81,496847.0,83461.0,22860.0,26255.0,30056.0,25367.0,18126.0,10244.0,255,0
407,12,407,sample-data,2013.11.20 14:57:51.615,2013.11.20 15:04:41.410593,87,81,1606216.0,800728.0,93092.0,33356.0,176091.0,138007.0,184161.0,83945.0,255,51
408,12,408,sample-data,2013.11.20 14:57:51.615,2013.11.20 15:04:42.411593,87,81,766149.0,54025.0,38108.0,12495.0,34334.0,24266.0,13970.0,5106.0,255,51
409,12,409,sample-data,2013.11.20 14:57:51.615,2013.11.20 15:04:43.412593,87,81,1402510.0,671012.0,182969.0,158377.0,233254.0,250698.0,87720.0,90477.0,255,51
410,12,410,sample-data,2013.11.20 14:57:51.615,2013.11.20 15:04:44.413593,87,81,841578.0,50453.0,53585.0,164752.0,177253.0,148876.0,33333.0,24871.0,255,51
411,12,411,sample-data,2013.11.20 14:57:51.615,2013.11.20 15:04:45.414593,87,81,326541.0,64037.0,69639.0,6259.0,35926.0,39647.0,39485.0,25011.0,255,51
412,12,412,sample-data,2013.11.20 14:57:51.615,2013.11.20 15:04:46.415593,87,81,1199191.0,40392.0,69404.0,27992.0,17869.0,50811.0,35550.0,7450.0,255,51
413,12,413,sample-data,2013.11.20 14:57:51.615,2013.11.20 15:04:47.416593,87,81,1199191.0,40392.0,69404.0,27992.0,17869.0,50811.0,35550.0,7450.0,255,51
414,12,414,sample-data,2013.11.20 14:57:51.615,2013.11.20 15:04:48.417593,87,81,988919.0,21887.0,18460.0,10860.0,13990.0,10896.0,7823.0,1900.0,255,25
415,12,415,sample-data,2013.11.20 14:57:51.615,2013.11.20 15:04:49.418594,87,81,896583.0,25094.0,890.0,9814.0,8068.0,9358.0,3818.0,3440.0,255,51
416,12,416,sample-data,2013.11.20 14:57:51.615,2013.11.20 15:04:50.419593,87,81,206097.0,25233.0,1552.0,38780.0,10027.0,37474.0,27446.0,9963.0,255,51
417,12,417,sample-data,2013.11.20 14:57:51.615,2013.11.20 15:04:51.420594,87,81,747407.0,17909.0,4289.0,9618.0,9438.0,2330.0,1043.0,581.0,255,25
418,12,418,sample-data,2013.11.20 14:57:51.615,2013.11.20 15:04:52.421593,87,81,716976.0,52551.0,34251.0,9860.0,19556.0,22685.0,3601.0,2764.0,121,25
419,12,419,sample-data,2013.11.20 14:57:51.615,2013.11.20 15:04:53.422594,87,81,865382.0,366545.0,66510.0,35100.0,36648.0,24950.0,16636.0,7392.0,221,25
420,12,420,sample-data,2013.11.20 14:57:51.615,2013.11.20 15:04:54.423593,87,81,496380.0,119077.0,30289.0,9677.0,53112.0,28010.0,6656.0,6723.0,221,26
421,12,421,sample-data,2013.11.20 14:57:51.615,2013.11.20 15:04:55.424593,87,81,2057356.0,170845.0,45096.0,25371.0,35142.0,35544.0,17685.0,5052.0,221,51
422,12,422,sample-data,2013.11.20 14:57:51.615,2013.11.20 15:04:56.425593,87,81,569723.0,21785.0,15128.0,5674.0,7723.0,9851.0,5418.0,4214.0,221,51
423,12,423,sample-data,2013.11.20 14:57:51.615,2013.11.20 15:04:57.426593,87,81,569723.0,21785.0,15128.0,5674.0,7723.0,9851.0,5418.0,4214.0,221,51
424,12,424,sample-data,2013.11.20 14:57:51.615,2013.11.20 15:04:58.427593,87,81,1158098.0,148673.0,44347.0,17922.0,27017.0,18031.0,5876.0,1961.0,221,51
425,12,425,sample-data,2013.11.20 14:57:51.615,2013.11.20 15:04:59.428593,77,91,99272.0,3298.0,1850.0,4371.0,3165.0,3628.0,3143.0,2664.0,221,0
426,12,426,sample-data,2013.11.20 14:57:51.615,2013.11.20 15:05:00.429593,69,77,382682.0,8436.0,1790.0,5042.0,8230.0,4453.0,623.0,528.0,221,0
427,12,427,sample-data,2013.11.20 14:57:51.615,2013.11.20 15:05:01.430594,51,63,129827.0,12215.0,2998.0,1658.0,987.0,1643.0,605.0,499.0,221,0
428,12,428,sample-data,2013.11.20 14:57:51.615,2013.11.20 15:05:02.431594,51,63,860704.0,41818.0,27090.0,9747.0,15307.0,13298.0,5306.0,550.0,117,26
429,12,429,sample-data,2013.11.20 14:57:51.615,2013.11.20 15:05:03.432594,43,63,324879.0,21192.0,7370.0,2669.0,3277.0,2562.0,2201.0,1260.0,117,0
430,12,430,sample-data,2013.11.20 14:57:51.615,2013.11.20 15:05:04.433593,35,63,315428.0,176256.0,249985.0,79007.0,93282.0,110772.0,27862.0,11380.0,42,0
431,12,431,sample-data,2013.11.20 14:57:51.615,2013.11.20 15:05:05.434594,11,88,790453.0,27274.0,28944.0,8503.0,5372.0,2958.0,3532.0,700.0,74,0
432,12,432,sample-data,2013.11.20 14:57:51.615,2013.11.20 15:05:06.435593,1,69,37465.0,42012.0,1230.0,4256.0,9507.0,1227.0,856.0,463.0,74,0
433,12,433,sample-data,2013.11.20 14:57:51.615,2013.11.20 15:05:07.436594,10,75,115255.0,32351.0,10844.0,9873.0,10565.0,6793.0,5329.0,2071.0,60,0
434,12,434,sample-data,2013.11.20 14:57:51.615,2013.11.20 15:05:08.437593,16,48,517421.0,78991.0,7352.0,27779.0,20275.0,38624.0,17025.0,7090.0,53,0
435,12,435,sample-data,2013.11.20 14:57:51.615,2013.11.20 15:05:09.438593,16,48,380501.0,47519.0,19079.0,22088.0,23809.0,22835.0,9227.0,5818.0,100,51
436,12,436,sample-data,2013.11.20 14:57:51.615,2013.11.20 15:05:10.439594,16,48,45397.0,188452.0,46717.0,9859.0,13892.0,13120.0,5184.0,586.0,100,25
437,12,437,sample-data,2013.11.20 14:57:51.615,2013.11.20 15:05:11.440594,16,48,45397.0,188452.0,46717.0,9859.0,13892.0,13120.0,5184.0,586.0,100,25
438,12,438,sample-data,2013.11.20 14:57:51.615,2013.11.20 15:05:12.441594,14,10,903444.0,56458.0,9548.0,41383.0,17289.0,23646.0,9501.0,3956.0,207,26
439,12,439,sample-data,2013.11.20 14:57:51.615,2013.11.20 15:05:13.442594,14,10,244371.0,19088.0,5286.0,13161.0,25444.0,25321.0,19354.0,15440.0,207,51
440,12,440,sample-data,2013.11.20 14:57:51.615,2013.11.20 15:05:14.443593,14,10,1511760.0,169470.0,37388.0,38170.0,15869.0,10228.0,5341.0,1970.0,207,25
441,12,441,sample-data,2013.11.20 14:57:51.615,2013.11.20 15:05:15.444594,14,10,493023.0,22522.0,5489.0,9441.0,11525.0,11228.0,784.0,452.0,207,51
442,12,442,sample-data,2013.11.20 14:57:51.615,2013.11.20 15:05:16.445593,14,10,1034901.0,128026.0,23115.0,19810.0,8562.0,7180.0,1449.0,1166.0,207,25
443,12,443,sample-data,2013.11.20 14:57:51.615,2013.11.20 15:05:17.446593,29,41,99591.0,148716.0,75919.0,67791.0,63418.0,27552.0,11124.0,3900.0,207,0
444,12,444,sample-data,2013.11.20 14:57:51.615,2013.11.20 15:05:18.447593,29,41,827101.0,40026.0,3138.0,5090.0,4669.0,3681.0,1470.0,331.0,207,51
445,12,445,sample-data,2013.11.20 14:57:51.615,2013.11.20 15:05:19.448593,29,41,1684130.0,783052.0,325638.0,245454.0,184470.0,127229.0,22338.0,9744.0,207,26
446,12,446,sample-data,2013.11.20 14:57:51.615,2013.11.20 15:05:20.449593,29,21,2165810.0,122142.0,1897.0,18815.0,16970.0,18949.0,11347.0,4376.0,207,0
447,12,447,sample-data,2013.11.20 14:57:51.615,2013.11.20 15:05:21.450593,29,21,1211409.0,181801.0,17077.0,27891.0,60451.0,37924.0,14986.0,3617.0,184,26
448,12,448,sample-data,2013.11.20 14:57:51.615,2013.11.20 15:05:22.451594,29,21,2014581.0,56395.0,33225.0,23951.0,22443.0,42026.0,16515.0,9275.0,255,51
449,12,449,sample-data,2013.11.20 14:57:51.615,2013.11.20 15:05:23.452594,29,21,747591.0,50223.0,16162.0,117008.0,92637.0,91097.0,43204.0,16707.0,255,26
450,12,450,sample-data,2013.11.20 14:57:51.615,2013.11.20 15:05:24.453593,29,21,1211259.0,146493.0,85188.0,37821.0,28444.0,61467.0,36498.0,10449.0,255,51
451,12,451,sample-data,2013.11.20 14:57:51.615,2013.11.20 15:05:25.454594,29,21,1774379.0,911595.0,377484.0,98097.0,446666.0,479321.0,396811.0,97596.0,255,51
452,12,452,sample-data,2013.11.20 14:57:51.615,2013.11.20 15:05:26.455594,29,21,412319.0,21503.0,8280.0,16907.0,12855.0,17214.0,9999.0,7485.0,255,51
453,12,453,sample-data,2013.11.20 14:57:51.615,2013.11.20 15:05:27.456594,29,21,0.0,1.0,0.0,0.0,0.0,0.0,0.0,0.0,255,25
454,12,454,sample-data,2013.11.20 14:57:51.615,2013.11.20 15:05:28.457593,29,21,118976.0,90176.0,34624.0,29143.0,39455.0,14427.0,6022.0,6066.0,255,51
455,12,455,sample-data,2013.11.20 14:57:51.615,2013.11.20 15:05:29.458594,29,21,2433144.0,525767.0,163490.0,153246.0,137258.0,19861.0,14761.0,16604.0,255,51
456,12,456,sample-data,2013.11.20 14:57:51.615,2013.11.20 15:05:30.459593,29,21,326962.0,118211.0,51538.0,52525.0,50087.0,48838.0,34704.0,19493.0,255,51
457,12,457,sample-data,2013.11.20 14:57:51.615,2013.11.20 15:05:31.460594,29,21,1392021.0,159780.0,17579.0,96568.0,30162.0,33041.0,20642.0,5458.0,255,51
458,12,458,sample-data,2013.11.20 14:57:51.615,2013.11.20 15:05:32.461594,29,21,1919884.0,1446365.0,469093.0,301687.0,190766.0,25095.0,21907.0,46177.0,255,51
459,12,459,sample-data,2013.11.20 14:57:51.615,2013.11.20 15:05:33.462593,29,21,374841.0,100664.0,2941.0,6769.0,11058.0,4559.0,5449.0,4937.0,255,51
460,12,460,sample-data,2013.11.20 14:57:51.615,2013.11.20 15:05:34.463594,0,0,1117489.0,212328.0,72588.0,48395.0,303305.0,154787.0,64461.0,60309.0,255,51
461,12,461,sample-data,2013.11.20 14:57:51.615,2013.11.20 15:05:35.464593,0,0,2223163.0,199633.0,164940.0,86079.0,20876.0,160861.0,176119.0,20550.0,255,51
462,12,462,sample-data,2013.11.20 14:57:51.615,2013.11.20 15:05:36.465594,0,0,1241954.0,543375.0,64359.0,30291.0,35125.0,50900.0,4685.0,5044.0,255,51
463,12,463,sample-data,2013.11.20 14:57:51.615,2013.11.20 15:05:37.466593,0,0,933857.0,938505.0,494301.0,281639.0,190522.0,1301375.0,270621.0,165509.0,255,51
464,12,464,sample-data,2013.11.20 14:57:51.615,2013.11.20 15:05:38.467594,0,0,1603440.0,389516.0,352837.0,167205.0,121719.0,98616.0,37683.0,33502.0,255,51
465,12,465,sample-data,2013.11.20 14:57:51.615,2013.11.20 15:05:39.468594,0,0,935601.0,135442.0,153942.0,104218.0,192076.0,120643.0,228896.0,153517.0,255,51
466,12,466,sample-data,2013.11.20 14:57:51.615,2013.11.20 15:05:40.469594,0,0,248345.0,231315.0,32752.0,45944.0,48101.0,27597.0,32491.0,4169.0,255,51
467,12,467,sample-data,2013.11.20 14:57:51.615,2013.11.20 15:05:41.470594,0,0,2008330.0,378165.0,293206.0,158624.0,93311.0,53527.0,86695.0,55576.0,255,51
468,12,468,sample-data,2013.11.20 14:57:51.615,2013.11.20 15:05:42.471594,0,0,284804.0,75674.0,138086.0,99539.0,115076.0,47081.0,35311.0,14019.0,255,51
469,12,469,sample-data,2013.11.20 14:57:51.615,2013.11.20 15:05:43.472593,0,0,1210312.0,126122.0,175507.0,101507.0,88113.0,73997.0,30796.0,12329.0,255,51
470,12,470,sample-data,2013.11.20 14:57:51.615,2013.11.20 15:05:44.473593,0,0,1357655.0,132413.0,117623.0,160207.0,57281.0,132690.0,156074.0,87302.0,255,51
471,12,471,sample-data,2013.11.20 14:57:51.615,2013.11.20 15:05:45.474594,0,0,1060862.0,451597.0,241340.0,42062.0,221523.0,164783.0,103128.0,46393.0,255,51
472,12,472,sample-data,2013.11.20 14:57:51.615,2013.11.20 15:05:46.475594,0,0,261976.0,173756.0,55618.0,10871.0,4690.0,30002.0,33697.0,27872.0,255,51
473,12,473,sample-data,2013.11.20 14:57:51.615,2013.11.20 15:05:47.476594,0,0,327250.0,256910.0,97864.0,113373.0,139038.0,209361.0,303056.0,257602.0,255,51
474,12,474,sample-data,2013.11.20 14:57:51.615,2013.11.20 15:05:48.477594,0,0,933541.0,486840.0,441539.0,336252.0,835795.0,1122130.0,753517.0,201771.0,255,51
475,12,475,sample-data,2013.11.20 14:57:51.615,2013.11.20 15:05:49.478593,0,0,807910.0,211922.0,14016.0,41461.0,42866.0,34071.0,114031.0,27846.0,255,51
476,12,476,sample-data,2013.11.20 14:57:51.615,2013.11.20 15:05:50.479593,0,0,654062.0,318017.0,313811.0,688182.0,354608.0,181055.0,55016.0,46820.0,255,51
477,12,477,sample-data,2013.11.20 14:57:51.615,2013.11.20 15:05:51.480593,0,0,689962.0,98698.0,11269.0,67108.0,39737.0,45419.0,31349.0,39642.0,255,51
478,12,478,sample-data,2013.11.20 14:57:51.615,2013.11.20 15:05:52.481593,0,0,1348496.0,492324.0,52919.0,172717.0,229584.0,189402.0,77803.0,26608.0,255,51
479,12,479,sample-data,2013.11.20 14:57:51.615,2013.11.20 15:05:53.482594,0,0,663015.0,289787.0,113643.0,48208.0,84511.0,181541.0,65760.0,35301.0,255,51
480,12,480,sample-data,2013.11.20 14:57:51.615,2013.11.20 15:05:54.483593,0,0,852778.0,93667.0,200944.0,83405.0,172604.0,196981.0,57994.0,12385.0,255,51
481,12,481,sample-data,2013.11.20 14:57:51.615,2013.11.20 15:05:55.484593,0,0,1167119.0,242341.0,131363.0,68175.0,295999.0,68084.0,51462.0,31563.0,255,51
482,12,482,sample-data,2013.11.20 14:57:51.615,2013.11.20 15:05:56.485593,0,0,1545131.0,396456.0,88991.0,88967.0,107763.0,127728.0,28055.0,40540.0,255,26
483,12,483,sample-data,2013.11.20 14:57:51.615,2013.11.20 15:05:57.486594,0,0,896257.0,193819.0,47172.0,69600.0,98719.0,30245.0,24456.0,17242.0,255,51
484,12,484,sample-data,2013.11.20 14:57:51.615,2013.11.20 15:05:58.487593,0,0,808327.0,68900.0,18165.0,6128.0,8232.0,7061.0,6539.0,3185.0,255,51
485,12,485,sample-data,2013.11.20 14:57:51.615,2013.11.20 15:05:59.488594,0,0,287902.0,25836.0,6737.0,3563.0,3237.0,2037.0,764.0,330.0,255,51
486,12,486,sample-data,2013.11.20 14:57:51.615,2013.11.20 15:06:00.489594,0,0,499028.0,136449.0,73415.0,13625.0,34678.0,27361.0,4907.0,1410.0,255,25
487,12,487,sample-data,2013.11.20 14:57:51.615,2013.11.20 15:06:01.490594,0,0,1008594.0,41973.0,12702.0,8076.0,3754.0,9553.0,5235.0,1804.0,255,51
488,12,488,sample-data,2013.11.20 14:57:51.615,2013.11.20 15:06:02.491594,0,0,1072147.0,156432.0,54193.0,43960.0,33271.0,73129.0,13158.0,5152.0,255,26
489,12,489,sample-data,2013.11.20 14:57:51.615,2013.11.20 15:06:03.492594,0,0,541136.0,606845.0,103270.0,55541.0,58773.0,137576.0,130657.0,44864.0,255,51
490,12,490,sample-data,2013.11.20 14:57:51.615,2013.11.20 15:06:04.493594,0,0,2269291.0,307370.0,36130.0,15116.0,11778.0,11294.0,3032.0,1578.0,255,25
491,12,491,sample-data,2013.11.20 14:57:51.615,2013.11.20 15:06:05.494594,0,0,2329713.0,812398.0,130819.0,53051.0,32859.0,52333.0,154405.0,43421.0,255,51
492,12,492,sample-data,2013.11.20 14:57:51.615,2013.11.20 15:06:06.495594,0,0,806916.0,203823.0,268120.0,104734.0,288250.0,217274.0,88443.0,48933.0,255,51
493,12,493,sample-data,2013.11.20 14:57:51.615,2013.11.20 15:06:07.496594,0,0,1860844.0,127334.0,34368.0,24015.0,48298.0,97328.0,62260.0,25658.0,255,51
494,12,494,sample-data,2013.11.20 14:57:51.615,2013.11.20 15:06:08.497593,0,0,431335.0,20608.0,43064.0,34380.0,43049.0,39533.0,46400.0,24362.0,255,51
495,12,495,sample-data,2013.11.20 14:57:51.615,2013.11.20 15:06:09.498594,0,0,363033.0,534887.0,270565.0,190214.0,205361.0,22692.0,15474.0,20137.0,255,51
496,12,496,sample-data,2013.11.20 14:57:51.615,2013.11.20 15:06:10.499593,0,0,1114585.0,481952.0,13818.0,42740.0,72310.0,61488.0,18390.0,5621.0,255,51
497,12,497,sample-data,2013.11.20 14:57:51.615,2013.11.20 15:06:11.500593,0,0,323152.0,94463.0,14772.0,34198.0,73748.0,77130.0,49067.0,16169.0,255,51
498,12,498,sample-data,2013.11.20 14:57:51.615,2013.11.20 15:06:12.501594,0,0,346126.0,167451.0,16365.0,17491.0,14861.0,22982.0,12889.0,11820.0,255,51
499,12,499,sample-data,2013.11.20 14:57:51.615,2013.11.20 15:06:13.502593,0,0,428938.0,44416.0,25054.0,25742.0,28994.0,11528.0,4722.0,1283.0,255,51
500,12,500,sample-data,2013.11.20 14:57:51.615,2013.11.20 15:06:14.503594,0,0,200568.0,273753.0,62245.0,32654.0,28603.0,50486.0,48955.0,5489.0,255,25
501,12,501,sample-data,2013.11.20 14:57:51.615,2013.11.20 15:06:15.504594,0,0,981679.0,98731.0,45322.0,33714.0,21253.0,14695.0,15288.0,15180.0,255,25
502,12,502,sample-data,2013.11.20 14:57:51.615,2013.11.20 15:06:16.505593,0,0,1029869.0,526722.0,49340.0,12663.0,11162.0,5793.0,3919.0,11866.0,255,51
503,12,503,sample-data,2013.11.20 14:57:51.615,2013.11.20 15:06:17.506594,0,0,0.0,0.0,0.0,0.0,0.0,0.0,0.0,0.0,255,25
504,12,504,sample-data,2013.11.20 14:57:51.615,2013.11.20 15:06:18.507593,0,0,1289713.0,60793.0,101285.0,118976.0,123539.0,90914.0,13401.0,4925.0,255,25
505,12,505,sample-data,2013.11.20 14:57:51.615,2013.11.20 15:06:19.508593,0,0,1087155.0,230583.0,60934.0,54843.0,13215.0,63840.0,12308.0,10871.0,255,51
506,12,506,sample-data,2013.11.20 14:57:51.615,2013.11.20 15:06:20.509594,0,0,383581.0,473567.0,239613.0,281365.0,50714.0,95293.0,20763.0,20931.0,255,51
507,12,507,sample-data,2013.11.20 14:57:51.615,2013.11.20 15:06:21.510593,0,0,1530558.0,305676.0,238229.0,96624.0,131941.0,112780.0,72584.0,65406.0,255,51
508,12,508,sample-data,2013.11.20 14:57:51.615,2013.11.20 15:06:22.511594,0,0,1753972.0,694094.0,570368.0,233079.0,224101.0,355103.0,378463.0,161145.0,255,51
509,12,509,sample-data,2013.11.20 14:57:51.615,2013.11.20 15:06:23.512593,0,0,931499.0,312473.0,98906.0,282391.0,171843.0,129166.0,104349.0,74697.0,255,51
510,12,510,sample-data,2013.11.20 14:57:51.615,2013.11.20 15:06:24.513594,0,0,931499.0,312473.0,98906.0,282391.0,171843.0,129166.0,104349.0,74697.0,255,51
511,12,511,sample-data,2013.11.20 14:57:51.615,2013.11.20 15:06:25.514593,0,0,824077.0,73019.0,27162.0,40992.0,29780.0,31726.0,10768.0,1971.0,255,25
512,12,512,sample-data,2013.11.20 14:57:51.615,2013.11.20 15:06:26.515593,0,0,947782.0,241634.0,15239.0,20519.0,29906.0,11758.0,21097.0,6734.0,255,51
513,12,513,sample-data,2013.11.20 14:57:51.615,2013.11.20 15:06:27.516593,0,0,32007.0,31121.0,11001.0,6359.0,7960.0,3801.0,1470.0,1622.0,255,51
514,12,514,sample-data,2013.11.20 14:57:51.615,2013.11.20 15:06:28.517594,0,0,78292.0,30838.0,10507.0,7367.0,4461.0,2457.0,901.0,504.0,255,25
515,12,515,sample-data,2013.11.20 14:57:51.615,2013.11.20 15:06:29.518593,0,0,89022.0,16547.0,3222.0,2130.0,2031.0,874.0,274.0,253.0,255,25
516,12,516,sample-data,2013.11.20 14:57:51.615,2013.11.20 15:06:30.519593,0,0,487338.0,22865.0,40079.0,23077.0,41646.0,15112.0,3299.0,1295.0,43,25
517,12,517,sample-data,2013.11.20 14:57:51.615,2013.11.20 15:06:31.520593,0,0,1900366.0,44584.0,57428.0,34240.0,39116.0,56195.0,20529.0,19711.0,43,0
518,12,518,sample-data,2013.11.20 14:57:51.615,2013.11.20 15:06:32.521594,0,0,73133.0,38807.0,13573.0,11002.0,4971.0,4839.0,2633.0,360.0,43,0
519,12,519,sample-data,2013.11.20 14:57:51.615,2013.11.20 15:06:33.522594,0,0,539406.0,45653.0,8300.0,15514.0,12465.0,18958.0,2852.0,999.0,43,51
520,12,520,sample-data,2013.11.20 14:57:51.615,2013.11.20 15:06:34.523593,0,0,2381703.0,232561.0,66903.0,37602.0,45516.0,41079.0,15188.0,5217.0,43,26
521,12,521,sample-data,2013.11.20 14:57:51.615,2013.11.20 15:06:35.524593,0,0,485.0,229.0,123.0,87.0,61.0,32.0,8.0,4.0,43,25
522,12,522,sample-data,2013.11.20 14:57:51.615,2013.11.20 15:06:36.525594,0,0,160776.0,51126.0,14854.0,22527.0,17786.0,10979.0,9201.0,3854.0,36,0
523,12,523,sample-data,2013.11.20 14:57:51.615,2013.11.20 15:06:37.526594,11,14,1496226.0,200345.0,71607.0,4987.0,20537.0,24219.0,6341.0,4835.0,77,0
524,12,524,sample-data,2013.11.20 14:57:51.615,2013.11.20 15:06:38.527593,11,14,2273704.0,6118.0,3886.0,22685.0,12441.0,12477.0,2658.0,1109.0,77,51
525,12,525,sample-data,2013.11.20 14:57:51.615,2013.11.20 15:06:39.528593,11,14,80207.0,21412.0,10769.0,2454.0,1768.0,1731.0,182.0,133.0,77,25
526,12,526,sample-data,2013.11.20 14:57:51.615,2013.11.20 15:06:40.529594,26,48,84342.0,33923.0,22608.0,24801.0,17907.0,9032.0,4641.0,3306.0,77,0
527,12,527,sample-data,2013.11.20 14:57:51.615,2013.11.20 15:06:41.530594,27,57,88903.0,26505.0,11797.0,56904.0,18589.0,10529.0,4229.0,4637.0,77,0
528,12,528,sample-data,2013.11.20 14:57:51.615,2013.11.20 15:06:42.531594,11,54,1496928.0,322167.0,41566.0,36816.0,54256.0,16831.0,5576.0,5273.0,109,0
529,12,529,sample-data,2013.11.20 14:57:51.615,2013.11.20 15:06:43.532593,23,69,517879.0,70749.0,22169.0,58327.0,22052.0,28920.0,8704.0,2766.0,109,0
530,12,530,sample-data,2013.11.20 14:57:51.615,2013.11.20 15:06:44.533593,23,69,1438159.0,45005.0,13160.0,7960.0,7140.0,5829.0,3419.0,1122.0,109,51
531,12,531,sample-data,2013.11.20 14:57:51.615,2013.11.20 15:06:45.534593,8,44,72997.0,114150.0,26130.0,18217.0,8849.0,5001.0,938.0,480.0,109,0
532,12,532,sample-data,2013.11.20 14:57:51.615,2013.11.20 15:06:46.535594,1,17,996521.0,374371.0,74396.0,92925.0,33162.0,20327.0,13119.0,7497.0,38,0
533,12,533,sample-data,2013.11.20 14:57:51.615,2013.11.20 15:06:47.536594,1,30,1053253.0,92357.0,21764.0,17212.0,13700.0,3417.0,2861.0,913.0,38,0
534,12,534,sample-data,2013.11.20 14:57:51.615,2013.11.20 15:06:48.537593,1,16,703982.0,35074.0,5334.0,10094.0,13043.0,2475.0,2629.0,578.0,45,0
535,12,535,sample-data,2013.11.20 14:57:51.615,2013.11.20 15:06:49.538594,1,16,1169210.0,62455.0,10693.0,16833.0,17339.0,7069.0,5251.0,2266.0,43,0
536,12,536,sample-data,2013.11.20 14:57:51.615,2013.11.20 15:06:50.539594,3,14,450240.0,56266.0,14999.0,10975.0,5904.0,7150.0,3290.0,561.0,141,0
537,12,537,sample-data,2013.11.20 14:57:51.615,2013.11.20 15:06:51.540594,26,21,2237437.0,127350.0,91207.0,57945.0,116044.0,53049.0,18438.0,5449.0,115,0
538,12,538,sample-data,2013.11.20 14:57:51.615,2013.11.20 15:06:52.541594,26,21,108733.0,7774.0,2570.0,1604.0,1673.0,1889.0,599.0,141.0,36,26
539,12,539,sample-data,2013.11.20 14:57:51.615,2013.11.20 15:06:53.542593,26,21,2757861.0,145144.0,5227.0,44361.0,28551.0,41971.0,5967.0,4903.0,54,25
540,12,540,sample-data,2013.11.20 14:57:51.615,2013.11.20 15:06:54.543593,26,21,585701.0,8485.0,640.0,1722.0,2646.0,2714.0,733.0,205.0,54,51
541,12,541,sample-data,2013.11.20 14:57:51.615,2013.11.20 15:06:55.544593,26,21,13110.0,909.0,384.0,146.0,142.0,208.0,68.0,47.0,54,25
542,12,542,sample-data,2013.11.20 14:57:51.615,2013.11.20 15:06:56.545594,23,11,306280.0,114497.0,6267.0,13482.0,8809.0,5356.0,5185.0,1413.0,54,0
543,12,543,sample-data,2013.11.20 14:57:51.615,2013.11.20 15:06:57.546594,23,11,156411.0,44651.0,9852.0,4225.0,2879.0,4645.0,2109.0,629.0,48,0
544,12,544,sample-data,2013.11.20 14:57:51.615,2013.11.20 15:06:58.547594,10,1,91802.0,153951.0,4464.0,2892.0,6044.0,2871.0,2330.0,653.0,106,0
545,12,545,sample-data,2013.11.20 14:57:51.615,2013.11.20 15:06:59.548594,10,1,2202294.0,124700.0,2379.0,18208.0,28961.0,26123.0,3975.0,1476.0,93,26
546,12,546,sample-data,2013.11.20 14:57:51.615,2013.11.20 15:07:00.549594,10,1,1907712.0,278663.0,81413.0,157732.0,103887.0,62096.0,18815.0,36742.0,93,51
547,12,547,sample-data,2013.11.20 14:57:51.615,2013.11.20 15:07:01.550594,10,1,677.0,220.0,64.0,55.0,47.0,14.0,12.0,6.0,93,25
548,12,548,sample-data,2013.11.20 14:57:51.615,2013.11.20 15:07:02.551593,10,1,362218.0,18086.0,15178.0,9631.0,4769.0,5023.0,2130.0,647.0,93,25
549,12,549,sample-data,2013.11.20 14:57:51.615,2013.11.20 15:07:03.552594,10,1,1699566.0,433765.0,28212.0,186516.0,92081.0,56188.0,43943.0,12500.0,255,51
550,12,550,sample-data,2013.11.20 14:57:51.615,2013.11.20 15:07:04.553594,10,1,359309.0,39458.0,26162.0,34568.0,13699.0,6874.0,1816.0,1026.0,255,25
551,12,551,sample-data,2013.11.20 14:57:51.615,2013.11.20 15:07:05.554593,10,1,1687499.0,72760.0,11581.0,29069.0,34161.0,31639.0,27883.0,6676.0,255,51
552,12,552,sample-data,2013.11.20 14:57:51.615,2013.11.20 15:07:06.555593,10,1,686337.0,52974.0,36370.0,87211.0,130292.0,47272.0,55216.0,43882.0,255,51
553,12,553,sample-data,2013.11.20 14:57:51.615,2013.11.20 15:07:07.556593,10,1,554747.0,501506.0,197797.0,153976.0,87546.0,237090.0,89710.0,328730.0,255,51
554,12,554,sample-data,2013.11.20 14:57:51.615,2013.11.20 15:07:08.557593,10,1,174126.0,645849.0,20392.0,81000.0,27729.0,35221.0,34822.0,22751.0,255,25
555,12,555,sample-data,2013.11.20 14:57:51.615,2013.11.20 15:07:09.558593,10,1,1044183.0,46214.0,32182.0,41780.0,35518.0,58332.0,23138.0,21913.0,255,51
556,12,556,sample-data,2013.11.20 14:57:51.615,2013.11.20 15:07:10.559594,10,1,1673282.0,38036.0,77229.0,114169.0,57802.0,26616.0,69663.0,66865.0,255,51
557,12,557,sample-data,2013.11.20 14:57:51.615,2013.11.20 15:07:11.560594,10,1,822291.0,860142.0,241473.0,129678.0,238290.0,283808.0,245468.0,130026.0,255,51
558,12,558,sample-data,2013.11.20 14:57:51.615,2013.11.20 15:07:12.561594,10,1,1648932.0,244816.0,82501.0,131540.0,56838.0,126375.0,23730.0,28691.0,255,25
559,12,559,sample-data,2013.11.20 14:57:51.615,2013.11.20 15:07:13.562594,10,1,1490445.0,278196.0,59129.0,412985.0,592318.0,274010.0,155677.0,185475.0,255,51
560,12,560,sample-data,2013.11.20 14:57:51.615,2013.11.20 15:07:14.563594,10,1,1306271.0,310474.0,168223.0,291096.0,244374.0,127751.0,113726.0,19111.0,255,51
561,12,561,sample-data,2013.11.20 14:57:51.615,2013.11.20 15:07:15.564593,10,1,2682403.0,18328.0,40522.0,46083.0,15122.0,11332.0,8419.0,4393.0,255,25
562,12,562,sample-data,2013.11.20 14:57:51.615,2013.11.20 15:07:16.565594,10,1,2682403.0,18328.0,40522.0,46083.0,15122.0,11332.0,8419.0,4393.0,255,25
563,12,563,sample-data,2013.11.20 14:57:51.615,2013.11.20 15:07:17.566594,10,1,1563887.0,238544.0,65375.0,65447.0,89776.0,83328.0,51337.0,24228.0,255,51
564,12,564,sample-data,2013.11.20 14:57:51.615,2013.11.20 15:07:18.567593,10,1,1820396.0,152698.0,184618.0,131410.0,67972.0,110271.0,106597.0,45361.0,255,51
565,12,565,sample-data,2013.11.20 14:57:51.615,2013.11.20 15:07:19.568594,4,8,75713.0,98120.0,36629.0,34833.0,23699.0,18840.0,10846.0,3169.0,255,0
566,12,566,sample-data,2013.11.20 14:57:51.615,2013.11.20 15:07:20.569594,4,8,1060885.0,28392.0,33234.0,30993.0,17616.0,22754.0,7358.0,3063.0,255,51
567,12,567,sample-data,2013.11.20 14:57:51.615,2013.11.20 15:07:21.570593,4,8,999253.0,1537308.0,742052.0,166664.0,274672.0,356721.0,106651.0,58947.0,255,25
568,12,568,sample-data,2013.11.20 14:57:51.615,2013.11.20 15:07:22.571595,4,8,477971.0,36863.0,19526.0,7868.0,4474.0,6028.0,2941.0,1211.0,255,26
569,12,569,sample-data,2013.11.20 14:57:51.615,2013.11.20 15:07:23.572593,4,34,1515063.0,433320.0,68138.0,102838.0,19854.0,17325.0,12636.0,11795.0,255,0
570,12,570,sample-data,2013.11.20 14:57:51.615,2013.11.20 15:07:24.573594,4,34,659983.0,13142.0,31987.0,17703.0,8175.0,27054.0,15670.0,11620.0,255,51
571,12,571,sample-data,2013.11.20 14:57:51.615,2013.11.20 15:07:25.574593,4,34,1775.0,957.0,382.0,264.0,255.0,225.0,128.0,116.0,255,25
572,12,572,sample-data,2013.11.20 14:57:51.615,2013.11.20 15:07:26.575594,4,34,459841.0,101604.0,64803.0,95728.0,99194.0,71490.0,101763.0,87566.0,71,25
573,12,573,sample-data,2013.11.20 14:57:51.615,2013.11.20 15:07:27.576593,4,34,234219.0,105386.0,93187.0,4959.0,32995.0,73909.0,26266.0,22985.0,71,51
574,12,574,sample-data,2013.11.20 14:57:51.615,2013.11.20 15:07:28.577593,4,34,548696.0,212789.0,91674.0,53675.0,48660.0,33706.0,44981.0,5457.0,71,25
575,12,575,sample-data,2013.11.20 14:57:51.615,2013.11.20 15:07:29.578594,4,34,1459517.0,131446.0,160636.0,58134.0,15402.0,69882.0,13566.0,35426.0,71,26
576,12,576,sample-data,2013.11.20 14:57:51.615,2013.11.20 15:07:30.579594,4,34,644428.0,32066.0,9263.0,4151.0,1473.0,4942.0,2630.0,2863.0,71,26
577,12,577,sample-data,2013.11.20 14:57:51.615,2013.11.20 15:07:31.580593,10,61,730468.0,36237.0,50901.0,35107.0,9219.0,14259.0,13939.0,2928.0,47,0
578,12,578,sample-data,2013.11.20 14:57:51.615,2013.11.20 15:07:32.581594,38,83,858432.0,99810.0,36829.0,31746.0,131127.0,41819.0,14911.0,8193.0,55,0
579,12,579,sample-data,2013.11.20 14:57:51.615,2013.11.20 15:07:33.582594,27,87,1451357.0,33627.0,21979.0,10532.0,12592.0,3574.0,4188.0,1448.0,55,0
580,12,580,sample-data,2013.11.20 14:57:51.615,2013.11.20 15:07:34.583594,27,87,1199370.0,47167.0,55172.0,37107.0,3826.0,5712.0,2043.0,2619.0,55,51
581,12,581,sample-data,2013.11.20 14:57:51.615,2013.11.20 15:07:35.584594,27,87,233207.0,34754.0,77712.0,30978.0,74363.0,17731.0,11731.0,4833.0,55,26
582,12,582,sample-data,2013.11.20 14:57:51.615,2013.11.20 15:07:36.585593,27,87,471122.0,22234.0,33310.0,24115.0,32867.0,20955.0,20455.0,10609.0,55,51
583,12,583,sample-data,2013.11.20 14:57:51.615,2013.11.20 15:07:37.586593,27,87,1020440.0,296721.0,347219.0,410797.0,393076.0,270335.0,441369.0,168560.0,55,51
584,12,584,sample-data,2013.11.20 14:57:51.615,2013.11.20 15:07:38.587593,27,87,1020440.0,296721.0,347219.0,410797.0,393076.0,270335.0,441369.0,168560.0,55,51
585,12,585,sample-data,2013.11.20 14:57:51.615,2013.11.20 15:07:39.588594,27,87,1036192.0,258427.0,22772.0,35006.0,13379.0,56904.0,20508.0,9387.0,55,26
586,12,586,sample-data,2013.11.20 14:57:51.615,2013.11.20 15:07:40.589594,27,87,1647818.0,119489.0,67478.0,127236.0,69400.0,63169.0,39767.0,26355.0,55,51
587,12,587,sample-data,2013.11.20 14:57:51.615,2013.11.20 15:07:41.590593,27,87,274616.0,48617.0,148406.0,20926.0,33689.0,56029.0,53290.0,24042.0,55,26
588,12,588,sample-data,2013.11.20 14:57:51.615,2013.11.20 15:07:42.591593,27,87,672780.0,120808.0,57075.0,41712.0,25296.0,42396.0,23716.0,26527.0,255,26
589,12,589,sample-data,2013.11.20 14:57:51.615,2013.11.20 15:07:43.592593,27,87,930237.0,256966.0,250550.0,157710.0,97005.0,174711.0,85873.0,31288.0,255,51
590,12,590,sample-data,2013.11.20 14:57:51.615,2013.11.20 15:07:44.593593,27,87,955089.0,952724.0,27685.0,134072.0,250206.0,57285.0,88258.0,22060.0,255,51
591,12,591,sample-data,2013.11.20 14:57:51.615,2013.11.20 15:07:45.594593,27,87,906417.0,201492.0,60494.0,117511.0,131386.0,99254.0,36456.0,26850.0,255,26
592,12,592,sample-data,2013.11.20 14:57:51.615,2013.11.20 15:07:46.595593,27,87,144944.0,96320.0,10169.0,44102.0,58989.0,23658.0,18325.0,7861.0,255,51
593,12,593,sample-data,2013.11.20 14:57:51.615,2013.11.20 15:07:47.596593,27,87,1036290.0,228657.0,23499.0,67890.0,78018.0,70878.0,89729.0,21852.0,255,26
594,12,594,sample-data,2013.11.20 14:57:51.615,2013.11.20 15:07:48.597593,53,91,784416.0,73019.0,65381.0,12980.0,20944.0,38777.0,19482.0,12285.0,255,0
595,12,595,sample-data,2013.11.20 14:57:51.615,2013.11.20 15:07:49.598594,53,91,2183728.0,160998.0,68451.0,34179.0,43808.0,68681.0,50719.0,2513.0,90,26
596,12,596,sample-data,2013.11.20 14:57:51.615,2013.11.20 15:07:50.599594,53,91,66558.0,187038.0,62608.0,35357.0,46278.0,57368.0,9530.0,6359.0,90,51
597,12,597,sample-data,2013.11.20 14:57:51.615,2013.11.20 15:07:51.600593,53,91,1580896.0,55152.0,54619.0,36988.0,39797.0,14456.0,3982.0,8191.0,90,25
598,12,598,sample-data,2013.11.20 14:57:51.615,2013.11.20 15:07:52.601594,53,91,2.0,0.0,0.0,0.0,0.0,0.0,0.0,0.0,90,25
599,12,599,sample-data,2013.11.20 14:57:51.615,2013.11.20 15:07:53.602593,53,91,2.0,0.0,0.0,0.0,0.0,0.0,0.0,0.0,90,25
